标号,发行人,X1,X2,X3,X4,X5,X6,X7,,,,,,
1,中煤集团山西华昱能源有限公司,7,8,8,7,7,7,10,,,,,,
1,珠海中富实业股份有限公司,10,4,8,5,3,4,10,,,,,,
1,广州造纸股份有限公司,5,4,8,9,4,3,5,,,,,,
1,河南万基铝业股份有限公司,6,6,10,10,10,10,7,,,,,,
1,华盛江泉集团有限公司,9,10,6,6,6,8,10,,,,,,
1,龙口煤电有限公司,3,5,10,10,10,9,8,,,,,,
1,山东省微山湖矿业集团有限公司,1,9,6,6,6,6,8,,,,,,
1,苏泊尔集团有限公司,10,4,6,6,6,6,1,,,,,,
1,信阳市弘昌管道燃气工程有限责任公司,6,8,6,6,6,6,5,,,,,,
1,云南黄金矿业集团股份有限公司,6,8,3,5,4,6,9,,,,,,
1,万正投资集团有限公司,6,6,6,6,8,4,9,,,,,, 
1,江苏飞达控股集团有限公司,7,6,6,6,10,7,10,,,,,,
1,晶科能源有限公司,6,10,6,6,9,5,5,,,,,,
1,山东丰源集团股份有限公司,7,6,8,7,6,7,8,,,,,,
1,山西汽车运输集团有限公司,4,6,6,6,6,2,7,,,,,,
1,永煤集团股份有限公司,1,7,9,9,10,5,10,,,,,,
1,阳城县皇城相府(集团)实业有限公司,6,6,8,6,9,6,9,,,,,,
1,新疆金特钢铁股份有限公司,10,8,10,9,10,10,10,,,,,,
1,湖南有色金属控股集团有限公司,4,10,8,9,7,3,10,,,,,,
1,太原煤炭气化(集团)有限责任公司,9,10,7,4,7,8,10,,,,,,
1,晟通科技集团有限公司,6,7,8,6,10,6,7,,,,,,
1,江苏索普(集团)有限公司,6,10,6,9,6,7,,,,,,,
1,云南祥鹏航空有限责任公司,6,6,9,3,10,8,4,,,,,,
1,太重煤机有限公司,6,5,4,6,5,2,10,,,,,,
1,山东新查庄矿业有限责任公司,6,9,6,6,6,6,10,,,,,,
1,贵州赤天化集团有限责任公司,6,6,6,3,6,5,9,,,,,,
1,英利能源(中国)有限公司,6,6,10,8,9,4,10,,,,,,
1,内蒙古霍林河煤业集团有限责任公司,5,9,10,10,10,7,10,,,,,,
1,翔鹭石化股份有限公司,3,4,10,10,10,6,9,,,,,,
1,安阳钢铁集团有限责任公司,2,8,6,6,7,6,10,,,,,,
1,云南锡业集团(控股)有限责任公司,6,10,8,6,5,4,10,,,,,,
1,云南冶金集团股份有限公司,6,10,6,6,6,1,9,,,,,,
1,中国平煤神马能源化工集团有限责任公司,3,6,8,8,9,6,10,,,,,,
1,包头钢铁(集团)有限责任公司,6,7,6,8,7,3,10,,,,,,
1,保利能源控股有限公司,5,4,6,6,3,10,10,,,,,,
1,河南能源化工集团有限公司,3,6,5,3,7,3,10,,,,,,
1,湖南湘投金天科技集团有限责任公司,6,6,6,6,6,6,10,,,,,,
1,淮北矿业(集团)有限责任公司,6,8,5,4,7,5,10,,,,,,
1,江苏华东有色投资控股有限公司,6,6,6,6,6,6,9,,,,,,
1,江苏省建筑工程集团有限公司,10,9,6,6,6,6,10,,,,,,
1,江苏中能硅业科技发展有限公司,6,6,10,9,6,6,5,,,,,,
1,江西省能源集团公司,4,6,3,3,6,4,10,,,,,,
1,金川集团股份有限公司,3,4,5,4,5,6,10,,,,,,
1,精工控股集团有限公司,7,8,7,7,7,2,7,,,,,,
1,酒泉钢铁(集团)有限责任公司,6,7,6,6,6,6,10,,,,,,
1,临沂矿业集团有限责任公司,7,5,10,3,8,6,9,,,,,,
1,内蒙古矿业(集团)有限责任公司,6,8,3,3,8,4,10,,,,,,
1,攀钢集团有限公司,8,6,9,7,9,6,10,,,,,,
1,青岛海湾集团有限公司,7,4,3,3,3,8,7,,,,,,
1,三一重工股份有限公司,3,4,7,8,5,2,9,,,,,,
1,厦门海翼集团有限公司,4,6,4,5,3,2,9,,,,,,
1,山东世纪阳光纸业集团有限公司,9,6,8,6,6,2,7,,,,,,
1,山煤国际能源集团股份有限公司,6,6,5,5,4,3,10,,,,,,
1,山西凯嘉能源集团有限公司,8,6,9,6,8,8,10,,,,,,
1,山西乡宁焦煤集团有限责任公司,7,6,6,6,6,6,10,,,,,,
1,山西襄矿集团有限公司,6,9,6,6,6,6,9,,,,,,
1,上海新黄浦置业股份有限公司,10,6,6,6,6,8,3,,,,,,
1,沈阳煤业(集团)有限责任公司,8,6,8,6,4,6,10,,,,,,
1,四川西部资源控股股份有限公司,10,4,6,7,6,6,10,,,,,,
1,四川长虹电子控股集团有限公司,6,8,4,4,7,6,10,,,,,,
1,腾达建设集团股份有限公司,4,6,6,6,6,8,8,,,,,,
1,武汉当代科技产业集团股份有限公司,6,6,3,6,3,3,5,,,,,,
1,西宁特殊钢股份有限公司,8,6,6,5,6,6,10,,,,,,
1,西宁特殊钢集团有限责任公司,8,6,6,5,6,6,10,,,,,,
1,湘电集团有限公司,8,8,5,8,4,1,9,,,,,,
1,新疆投资发展(集团)有限责任公司,6,5,6,6,6,7,9,,,,,,
1,新疆有色金属工业(集团)有限责任公司,6,6,4,9,4,6,10,,,,,,
1,新誉集团有限公司,6,6,6,4,3,8,1,,,,,,
1,永城煤电控股集团有限公司,3,8,8,8,9,3,10,,,,,,
1,浙江广天日月集团股份有限公司,6,6,5,6,3,2,10,,,,,,
1,浙江省商业集团有限公司,5,6,4,5,3,6,10,,,,,,
1,中国城市建设控股集团有限公司,8,7,6,6,9,4,8,,,,,,
1,中国第一重型机械股份公司,2,4,4,3,3,6,10,,,,,,
1,中国高科集团股份有限公司,6,8,6,5,6,10,8,,,,,,
1,中国铁路物资股份有限公司,6,6,9,10,9,4,10,,,,,,
1,中国新兴(集团)总公司,2,6,6,5,5,5,9,,,,,,
1,安阳钢铁股份有限公司,8,6,7,10,4,4,10,,,,,,
1,宝钢集团广东韶关钢铁有限公司,6,6,10,10,5,5,10,,,,,,
1,大同煤矿集团有限责任公司,5,6,6,6,6,1,9,,,,,,
1,法尔胜泓N集团有限公司,6,8,3,5,3,3,9,,,,,,
1,贵州开磷集团股份有限公司,8,6,4,7,7,6,8,,,,,,
1,贵州旅游投资控股(集团)有限责任公司,6,6,3,3,3,10,9,,,,,,
1,湖南华菱钢铁集团有限责任公司,7,8,6,7,4,4,10,,,,,,
1,华电煤业集团有限公司,8,6,9,7,6,6,10,,,,,,
1,吉林亚泰(集团)股份有限公司,8,4,4,3,3,3,10,,,,,,
1,冀东发展集团有限责任公司,3,9,7,4,7,1,10,,,,,,
1,江苏苏化集团有限公司,10,8,9,8,8,4,9,,,,,,
1,焦作煤业(集团)有限责任公司,6,9,3,3,3,4,6,,,,,,
1,开滦(集团)有限责任公司,6,10,5,7,6,6,10,,,,,,
1,南通产业控股集团有限公司,3,6,6,6,6,6,6,,,,,,
1,内蒙古北方重工业集团有限公司,4,6,10,9,9,6,10,,,,,,
1,奇瑞汽车股份有限公司,5,6,9,10,10,8,8,,,,,,
1,三亚凤凰国际机场有限责任公司,6,7,10,9,10,7,6,,,,,,
1,山东恒邦冶炼股份有限公司,7,6,4,8,6,10,8,,,,,,
1,山东金茂纺织化工集团有限公司,6,8,6,6,3,3,4,,,,,,
1,山西阳煤化工投资有限责任公司,8,6,9,9,10,6,9,,,,,,
1,黑龙江中盟集团有限公司,7,9,3,3,3,6,10,,,,,,
1,吉林省煤业集团有限公司,5,8,6,6,6,5,9,,,,,,
1,柳州钢铁股份有限公司,6,4,10,10,9,9,10,,,,,,
1,厦门厦工机械股份有限公司,2,6,4,7,4,2,10,,,,,,
1,山推工程机械股份有限公司,6,4,8,8,7,3,10,,,,,,
1,蚌埠玻璃工业设计研究院,6,8,10,9,9,2,8,,,,,,
1,华孚色纺股份有限公司,5,4,4,9,3,5,4,,,,,,
1,华天酒店集团股份有限公司,10,4,4,8,5,3,6,,,,,,
1,青海省投资集团有限公司,6,7,3,3,3,5,9,,,,,,
1,南宁糖业股份有限公司,3,4,5,5,7,9,5,,,,,,
1,安徽盛运环保(集团)股份有限公司,6,9,10,10,3,3,1,,,,,,
1,安徽皖江物流(集团)股份有限公司,4,4,9,10,8,7,2,,,,,,
0,北京国华置业有限公司,6,9,6,6,6,1,4,,,,,,
0,大同煤矿集团铁峰煤业有限公司,6,6,10,7,10,9,8,,,,,,
0,恒安(中国)投资有限公司,6,7,9,10,9,5,1,,,,,,
0,鸿商产业控股集团有限公司,8,6,5,3,7,7,8,,,,,,
0,张家港市城市投资发展集团有限公司,1,6,6,6,10,7,7,,,,,,
0,华润水泥控股有限公司,6,6,9,6,6,6,,,,,,,
0,恒安国际集团有限公司,6,4,6,6,6,6,,,,,,,
0,山东省经济开发投资公司,6,4,9,6,6,6,1,,,,,,
0,中国北方工业公司,4,4,6,5,6,8,5,,,,,,
0,振华石油控股有限公司,1,4,7,3,9,10,4,,,,,,
0,江苏吴中集团有限公司,9,9,6,6,10,6,6,,,,,,
0,广州市番禺信息技术投资发展有限公司,8,5,6,6,6,5,8,,,,,,
0,河南城际铁路有限公司,1,6,6,10,10,10,,,,,,,
0,正兴隆房地产(深圳)有限公司,6,6,6,6,3,1,9,,,,,,
0,中天科技集团有限公司,4,4,3,3,3,6,2,,,,,,
0,山东万通石油化工集团有限公司,10,8,10,10,3,6,6,,,,,,
0,宁波亚洲浆纸业有限公司,6,6,10,10,10,9,8,,,,,,
0,泰山玻璃纤维有限公司,7,6,9,6,9,5,4,,,,,,
0,贵州广电传媒集团有限公司,6,6,5,5,6,4,4,,,,,,
0,江西省港航建设投资有限公司,6,6,6,3,8,7,5,,,,,,
0,中国建筑第六工程局有限公司,2,4,9,5,8,1,5,,,,,,
0,湖南友谊阿波罗控股股份有限公司,6,6,6,6,3,6,8,,,,,,
0,南京扬子国资投资集团有限责任公司,6,9,9,8,9,9,7,,,,,,
0,保利南方集团有限公司,8,10,6,3,7,2,3,,,,,,
0,中国兵工物资集团有限公司,2,6,7,6,6,2,9,,,,,,
0,佳源创盛控股集团有限公司,6,6,4,10,6,6,1,,,,,,
0,河南众品食品有限公司,8,6,7,7,6,1,5,,,,,,
0,天津轨道交通集团有限公司,3,9,6,6,3,9,9,,,,,,
0,浙江沪杭甬高速公路股份有限公司,7,6,6,6,6,9,6,,,,,,
0,石榴置业集团股份有限公司,10,4,3,5,6,6,3,,,,,,
0,广东粤电航运有限公司,10,6,10,9,10,9,8,,,,,,
0,中国石油化工集团公司,6,8,9,7,8,6,3,,,,,,
0,上实环境水务股份有限公司,6,4,3,3,6,9,4,,,,,,
0,东港投资发展集团有限公司,6,4,6,6,6,6,5,,,,,,
0,南京安居建设集团有限责任公司,6,6,6,6,6,6,6,,,,,,
0,湖南黑金时代股份有限公司,1,6,9,8,8,3,10,,,,,,
0,神州数码软件有限公司,4,6,6,8,5,3,,,,,,,
0,南京丰盛产业控股集团有限公司,6,6,4,4,3,8,6,,,,,,
0,赤壁市蓝天城市建设投资开发有限责任公司,7,9,3,3,6,10,4,,,,,,
0,宝龙地产控股有限公司,3,6,6,6,6,6,,,,,,,
0,湖北稻花香酒业股份有限公司,10,8,3,3,3,6,2,,,,,,
0,青岛中石大控股有限公司,9,6,3,3,3,6,8,,,,,,
0,柳州市产业投资有限公司,6,4,3,3,3,4,10,,,,,,
0,北京未来科技城发展集团有限公司,3,4,3,3,3,10,7,,,,,,
0,响水县灌江控股集团有限公司,9,9,3,3,3,10,5,,,,,,
0,浙江新大集团有限公司,6,6,6,7,7,6,6,,,,,,
0,北京同仁堂科技发展股份有限公司,1,4,10,9,3,6,1,,,,,,
0,广州市城市建设开发有限公司,10,6,4,8,3,3,7,,,,,,
0,上海新华发行集团有限公司,6,5,10,9,7,9,5,,,,,,
0,天津保税区投资有限公司,10,8,6,6,3,10,2,,,,,,
0,上饶投资控股集团有限公司,5,7,3,3,3,10,5,,,,,,
0,铁牛集团有限公司,9,10,10,3,9,6,4,,,,,,
0,安徽省南翔贸易(集团)有限公司,10,6,4,6,3,6,5,,,,,,
0,徐州博创建设发展集团有限公司,7,10,6,6,6,6,,,,,,,
0,安徽省旅游集团有限责任公司,7,4,3,3,3,6,5,,,,,,
0,中国光大控股有限公司,3,4,8,6,6,6,,,,,,,
0,山东齐成石油化工有限公司,6,9,6,6,6,6,8,,,,,,
0,广州凯华城房地产开发有限公司,10,8,5,6,3,6,,,,,,,
0,今世缘集团有限公司,6,6,3,9,3,7,5,,,,,,
0,阿特斯(中国)投资有限公司,10,6,10,7,10,9,3,,,,,,
0,中国能源建设集团有限公司,7,6,5,3,5,1,5,,,,,,
0,中国能源建设股份有限公司,7,7,6,6,6,6,,,,,,,
0,杭州余杭金融控股集团有限公司,6,6,6,6,6,6,5,,,,,,
0,扬州市临港建设发展有限公司,6,6,6,6,6,6,,,,,,,
0,国寿投资控股有限公司,5,6,10,9,3,6,1,,,,,,
0,成都高新投资集团有限公司,8,5,6,3,4,4,8,,,,,,
0,正源房地产开发有限公司,10,4,3,3,3,5,4,,,,,,
0,河北省新合作控股集团有限公司,3,6,6,6,6,6,6,,,,,,
0,深圳市龙岗区投资控股集团有限公司,1,4,3,3,8,8,6,,,,,,
0,融侨集团股份有限公司,10,5,3,3,3,6,10,,,,,,
0,郑州航空港兴港投资集团有限公司,3,9,3,3,6,9,9,,,,,,
0,绍兴市柯桥区国有资产投资经营集团有限公司,6,5,3,9,10,9,6,,,,,,
0,普洛斯洛华中国海外控股(香港)有限公司,9,4,10,6,6,6,,,,,,,
0,红楼集团有限公司,6,6,6,6,3,6,7,,,,,,
0,上海新世界(集团)有限公司,6,6,7,7,9,1,6,,,,,,
0,北京鸿坤伟业房地产开发有限公司,9,5,6,6,3,6,3,,,,,,
0,天津房地产集团有限公司,10,4,6,6,3,7,5,,,,,,
0,大理海东开发投资集团有限公司,5,8,6,6,6,10,,,,,,,
0,青岛华通国有资本运营(集团)有限责任公司,3,9,6,6,6,4,8,,,,,,
0,招商局集团(香港)有限公司,10,7,9,7,5,1,6,,,,,,
0,中山中汇投资集团有限公司,4,6,9,6,4,5,1,,,,,,
0,山东泰丰控股集团有限公司,6,9,6,10,9,8,7,,,,,,
0,深圳市中兴新通讯设备有限公司,6,4,6,6,6,6,3,,,,,,
0,杭州西湖投资有限公司,6,10,6,6,3,6,6,,,,,,
0,浙江杭州青山湖科技城投资建设发展有限公司,9,4,3,3,3,6,8,,,,,,
0,华泰汽车集团有限公司,10,6,10,6,8,9,9,,,,,,
0,盐城市大丰区城建国有资产经营有限公司,5,9,6,6,3,10,8,,,,,,
0,石家庄市建设投资集团有限责任公司,3,5,6,6,6,6,3,,,,,,
0,超威电源有限公司,6,4,4,5,3,6,3,,,,,,
0,无锡苏南国际机场集团有限公司,10,10,10,3,9,8,9,,,,,,
0,山西杏花村汾酒集团有限责任公司,6,4,4,4,3,6,3,,,,,,
0,广州万力集团有限公司,5,4,5,6,4,4,4,,,,,,
0,大连市建设投资集团有限公司,9,6,3,3,3,6,7,,,,,,
0,湖北长江出版传媒集团有限公司,4,6,6,4,8,2,7,,,,,,
0,金融街控股股份有限公司,10,4,3,6,4,8,8,,,,,,
0,上海世茂建设有限公司,8,4,9,6,3,8,7,,,,,,
0,珠海格力房产有限公司,8,10,6,4,10,9,2,,,,,,
0,云南省水利水电投资有限公司,10,6,6,6,6,10,7,,,,,,
0,翔宇实业集团有限公司,7,9,6,6,8,5,8,,,,,,
0,浙江富春山居集团有限公司,8,10,6,6,6,6,9,,,,,,
0,合肥兴泰金融控股(集团)有限公司,7,6,3,3,3,6,4,,,,,,
0,中国江苏国际经济技术合作集团有限公司,7,4,3,3,3,5,7,,,,,,
0,泸州市基础建设投资有限公司,7,8,7,3,6,6,3,,,,,,
0,中国铝业公司,9,6,7,6,6,6,7,,,,,,
0,北京华联综合超市股份有限公司,8,6,5,6,8,6,8,,,,,,
0,上海均瑶(集团)有限公司,9,9,3,3,8,5,4,,,,,,
0,杭州市商贸旅游集团有限公司,5,9,6,3,5,6,6,,,,,,
0,杭州市金融投资集团有限公司,7,8,4,5,3,7,7,,,,,,
0,无锡灵山文化旅游集团有限公司,7,5,3,3,3,9,9,,,,,,
0,新希望集团有限公司,7,7,7,4,8,2,4,,,,,,
0,中国铁路总公司,6,6,6,6,6,6,,,,,,,
0,中国华能集团公司,3,4,6,6,4,4,6,,,,,,
0,中国大唐集团公司,2,7,3,4,4,4,6,,,,,,
0,鞍山钢铁集团公司,2,6,9,6,9,4,10,,,,,,
0,北京粮食集团有限责任公司,4,4,3,3,3,6,6,,,,,,
0,常高新集团有限公司,8,9,10,7,10,9,6,,,,,,
0,佛山市公用事业控股有限公司,7,6,9,6,10,7,4,,,,,,
0,武汉新港建设投资开发集团有限公司,4,7,3,3,3,6,9,,,,,,
0,云南白药控股有限公司,1,4,3,3,9,7,1,,,,,,
0,北京经济技术投资开发总公司,6,4,6,6,3,8,8,,,,,,
0,中国旅游集团公司,6,7,4,3,4,3,6,,,,,,
0,中国船舶工业集团公司,7,5,3,4,4,2,6,,,,,,
0,厦门国贸控股有限公司,7,10,5,8,4,3,5,,,,,,
0,广州万宝集团有限公司,2,4,9,6,6,6,9,,,,,,
0,广东省粤垦投资有限公司,6,4,7,7,7,6,8,,,,,,
0,中国重型汽车集团有限公司,4,4,3,3,3,6,7,,,,,,
0,重庆机电控股(集团)公司,6,6,7,4,5,2,9,,,,,,
0,山东黄金集团有限公司,2,5,6,6,6,5,8,,,,,,
0,福建省电子信息(集团)有限责任公司,7,6,5,3,3,4,5,,,,,,
0,浙江省旅游集团有限责任公司,7,8,3,3,3,1,6,,,,,,
0,厦门翔业集团有限公司,1,4,3,3,3,6,5,,,,,,
0,邯郸市交通建设有限公司,10,8,3,3,6,6,4,,,,,,
0,新华联控股有限公司,10,5,3,3,8,6,8,,,,,,
0,北京住总集团有限责任公司,1,8,4,3,3,2,6,,,,,,
0,广东省广业资产经营有限公司,8,4,6,5,5,4,6,,,,,,
0,山东钢铁集团有限公司,4,7,7,8,7,1,9,,,,,,
0,中国华电集团公司,7,5,6,6,6,6,5,,,,,,
0,天津航空有限责任公司,10,10,10,6,6,6,7,,,,,,
0,精功集团有限公司,8,9,7,7,6,1,8,,,,,,
0,厦门航空有限公司,7,4,5,4,6,8,4,,,,,,
0,山东省商业集团有限公司,7,4,6,6,6,5,8,,,,,,
0,中航发动机控股有限公司,3,4,10,9,8,3,6,,,,,,
0,中煤矿山建设集团有限责任公司,2,6,6,6,6,1,8,,,,,,
0,广汇汽车服务有限责任公司,9,5,4,3,4,1,5,,,,,,
0,陕西有色金属控股集团有限责任公司,3,6,4,3,6,1,9,,,,,,
0,杉杉集团有限公司,7,9,3,4,6,3,5,,,,,,
0,首都机场集团公司,3,6,6,6,6,1,4,,,,,,
0,福建省稀有稀土(集团)有限公司,7,4,9,8,7,4,10,,,,,,
0,江苏扬子大桥股份有限公司,10,10,6,8,10,7,5,,,,,,
0,中国水利水电第八工程局有限公司,1,6,10,7,9,5,9,,,,,,
0,大连机床集团有限责任公司,6,6,3,4,4,4,7,,,,,,
0,江苏苏美达集团有限公司,7,4,7,5,7,2,8,,,,,,
0,交通运输部上海打捞局,6,4,3,3,6,9,9,,,,,,
0,天津城市基础设施建设投资集团有限公司,7,8,6,6,4,9,6,,,,,,
0,浙江古纤道新材料股份有限公司,10,10,6,6,6,6,9,,,,,,
0,重庆力帆控股有限公司,8,5,6,6,10,7,8,,,,,,
0,河钢集团有限公司,3,7,4,4,5,8,8,,,,,,
0,北京国有资本经营管理中心,7,7,6,6,6,6,6,,,,,,
0,红豆集团有限公司,8,7,6,6,5,1,7,,,,,,
0,湖北能源集团股份有限公司,2,6,5,6,9,10,2,,,,,,
0,华立集团股份有限公司,6,9,3,3,6,1,8,,,,,,
0,西南水泥有限公司,7,6,4,8,5,1,9,,,,,,
0,山东省国有资产投资控股有限公司,3,5,6,6,6,3,5,,,,,,
0,山西焦煤集团有限责任公司,6,7,6,6,6,3,9,,,,,,
0,中化化肥有限公司,1,6,9,10,10,4,8,,,,,,
0,陕西延长石油(集团)有限责任公司,3,9,8,10,9,3,9,,,,,,
0,北京首都旅游集团有限责任公司,6,4,6,6,6,3,8,,,,,,
0,湖南黄金集团有限责任公司,3,4,6,6,6,6,10,,,,,,
0,江阴市公有资产经营有限公司,6,10,6,6,6,6,7,,,,,,
0,中国普天信息产业股份有限公司,5,4,4,6,5,4,8,,,,,,
0,南方水泥有限公司,2,4,5,7,4,1,10,,,,,,
0,深圳华强集团有限公司,6,6,4,3,6,6,7,,,,,,
0,安徽山鹰纸业股份有限公司,8,10,4,8,3,1,6,,,,,,
0,盐城市国有资产投资集团有限公司,9,9,6,6,6,9,7,,,,,,
0,华电江苏能源有限公司,6,8,8,8,7,9,4,,,,,,
0,山东省鲁信投资控股集团有限公司,5,9,6,6,6,4,4,,,,,,
0,中国节能环保集团公司,6,5,3,6,7,1,5,,,,,,
0,金红叶纸业集团有限公司,9,10,3,10,10,9,8,,,,,,
0,北京二商集团有限责任公司,5,6,6,6,6,1,6,,,,,,
0,东方集团股份有限公司,9,9,3,6,4,9,9,,,,,,
0,深圳市百业源投资有限公司,6,6,6,9,6,2,7,,,,,,
0,北京首都农业集团有限公司,3,4,4,7,5,7,5,,,,,,
0,泸州老窖集团有限责任公司,7,5,3,3,6,9,5,,,,,,
0,山西潞安矿业(集团)有限责任公司,4,6,6,6,6,6,9,,,,,,
0,华电能源股份有限公司,6,6,7,7,8,9,9,,,,,,
0,中国海洋石油总公司,4,4,7,3,3,2,7,,,,,,
0,上海百联集团股份有限公司,5,6,3,6,3,1,4,,,,,,
0,厦门国际港务股份有限公司,2,4,7,8,7,2,4,,,,,,
0,宁波开发投资集团有限公司,7,7,7,6,7,6,7,,,,,,
0,福建省能源集团有限责任公司,4,8,5,5,4,8,5,,,,,,
0,阳泉煤业(集团)有限责任公司,6,7,3,3,3,1,10,,,,,,
0,株洲市城市建设发展集团有限公司,6,6,6,6,6,8,7,,,,,,
0,电信科学技术研究院,3,6,3,6,4,2,8,,,,,,
0,南山集团有限公司,6,6,6,6,6,4,6,,,,,,
0,浙江吉利控股集团有限公司,6,7,6,8,6,6,4,,,,,,
0,中金黄金股份有限公司,6,6,6,6,6,6,10,,,,,,
0,广州地铁集团有限公司,6,6,5,6,9,9,8,,,,,,
0,黑龙江北大荒农垦集团总公司,5,8,6,6,6,1,8,,,,,,
0,三花控股集团有限公司,8,6,4,3,6,6,4,,,,,,
0,中国核工业建设集团公司,7,9,3,4,3,2,9,,,,,,
0,武汉钢铁(集团)公司,6,5,9,10,8,8,10,,,,,,
0,本溪钢铁(集团)有限责任公司,5,10,7,10,8,5,10,,,,,,
0,山西省国新能源发展集团有限公司,2,10,9,6,7,3,8,,,,,,
0,广西水利电业集团有限公司,6,6,6,4,6,6,8,,,,,,
0,海亮集团有限公司,2,10,3,6,7,3,8,,,,,,
0,上海华信国际集团有限公司,10,6,3,6,6,6,7,,,,,,
0,广西农垦集团有限责任公司,5,6,6,6,5,7,6,,,,,,
0,广东粤海控股集团有限公司,7,5,8,8,6,6,3,,,,,,
0,安徽省交通控股集团有限公司,9,6,3,10,7,6,7,,,,,,
0,中国有色矿业集团有限公司,7,6,6,5,7,3,10,,,,,,
0,阿拉尔统众国有资产经营有限责任公司,3,10,5,4,4,5,10,,,,,,
0,华润医药控股有限公司,5,4,4,5,3,6,3,,,,,,
0,江苏康缘集团有限责任公司,4,10,6,6,6,3,6,,,,,,
0,上海市漕河泾新兴技术开发区发展总公司,8,6,9,4,10,9,4,,,,,,
0,沈阳城市公用集团有限公司,8,6,6,6,3,5,10,,,,,,
0,中国航空集团公司,10,5,8,8,6,4,2,,,,,,
0,福建七匹狼集团有限公司,8,4,3,3,3,4,3,,,,,,
0,嘉兴市高等级公路投资有限公司,6,10,3,3,9,8,8,,,,,,
0,舟山海洋综合开发投资有限公司,6,9,3,3,6,6,6,,,,,,
0,华泰集团有限公司,8,6,3,3,5,6,9,,,,,,
0,厦门建发集团有限公司,6,4,4,5,5,6,4,,,,,,
0,北京控股集团有限公司,6,6,6,5,8,6,5,,,,,,
0,北京顺鑫控股集团有限公司,6,5,3,3,6,6,5,,,,,,
0,协鑫智慧能源(苏州)有限公司,9,4,8,5,7,8,3,,,,,,
0,山西省交通开发投资集团有限公司,1,6,8,6,3,9,10,,,,,,
0,福州市交通建设集团有限公司,6,6,10,4,8,6,6,,,,,,
0,华侨城集团公司,5,7,4,5,5,6,4,,,,,,
0,宁波富邦控股集团有限公司,8,6,8,10,8,6,8,,,,,,
0,中国航空技术深圳有限公司,6,6,7,7,7,2,6,,,,,,
0,上海仪电(集团)有限公司,3,4,6,10,6,1,5,,,,,,
0,江苏悦达集团有限公司,6,4,3,3,6,2,10,,,,,,
0,云南世博旅游控股集团有限公司,4,6,6,6,3,7,4,,,,,,
0,广州发展集团股份有限公司,6,4,8,8,7,8,4,,,,,,
0,中燃投资有限公司,6,6,5,6,3,1,4,,,,,,
0,奥克斯集团有限公司,9,4,4,3,4,2,7,,,,,,
0,漳州市九龙江集团有限公司,4,9,9,9,8,4,3,,,,,,
0,广州百货企业集团有限公司,1,6,3,3,3,6,6,,,,,,
0,深圳市东阳光实业发展有限公司,8,6,3,3,4,2,4,,,,,,
0,天津市旅游(控股)集团有限公司,6,4,3,3,3,6,9,,,,,,
0,中材水泥有限责任公司,2,4,5,9,6,3,8,,,,,,
0,中国核工业集团公司,2,4,3,3,4,6,4,,,,,,
0,南京市交通建设投资控股(集团)有限责任公司,3,4,8,4,5,4,7,,,,,,
0,中国长江电力股份有限公司,6,10,6,6,6,10,2,,,,,,
0,广州珠江实业集团有限公司,6,4,3,3,3,4,4,,,,,,
0,申能股份有限公司,6,6,10,10,9,9,6,,,,,,
0,国电江苏电力有限公司,5,6,8,10,5,10,1,,,,,,
0,龙城旅游控股集团有限公司,9,9,6,6,6,9,8,,,,,,
0,中国诚通控股集团有限公司,6,4,5,3,6,2,5,,,,,,
0,中国航空工业集团公司,6,6,6,6,6,6,6,,,,,,
0,广西柳工集团有限公司,2,6,8,5,4,1,9,,,,,,
0,河南交通投资集团有限公司,10,5,3,3,5,3,6,,,,,,
0,天津泰达投资控股有限公司,8,7,6,6,6,2,8,,,,,,
0,云南省城市建设投资集团有限公司,7,9,6,5,5,6,4,,,,,,
0,大连星海湾金融商务区投资管理股份有限公司,6,9,10,6,3,8,2,,,,,,
0,乌鲁木齐高新投资发展集团有限公司,6,6,6,6,3,7,4,,,,,,
0,云南省投资控股集团有限公司,6,6,6,6,6,6,7,,,,,,
0,营口港务集团有限公司,6,10,6,6,9,7,9,,,,,,
0,辽宁忠旺集团有限公司,7,4,3,6,5,8,4,,,,,,
0,宁波城建投资控股有限公司,6,6,6,6,6,6,9,,,,,,
0,南京市江宁区自来水总公司,9,10,3,3,3,10,7,,,,,,
0,四川省能源投资集团有限责任公司,7,9,3,3,3,3,6,,,,,,
0,亿利资源集团有限公司,6,4,7,4,4,6,8,,,,,,
0,中国恒天集团有限公司,5,7,6,6,5,2,6,,,,,,
0,中电投蒙东能源集团有限责任公司,8,8,10,10,7,6,8,,,,,,
0,上海红星美凯龙投资有限公司,10,7,6,6,7,3,4,,,,,,
0,昆明交通产业股份有限公司,6,8,6,6,6,8,5,,,,,,
0,泸州市兴泸投资集团有限公司,6,6,3,3,3,6,5,,,,,,
0,福建六建集团有限公司,7,5,9,3,4,6,5,,,,,,
0,合肥市建设投资控股(集团)有限公司,7,6,6,6,6,8,6,,,,,,
0,广州交通投资集团有限公司,10,4,8,6,7,6,6,,,,,,
0,绵阳科技城发展投资(集团)有限公司,9,9,6,6,6,6,7,,,,,,
0,步步高投资集团股份有限公司,4,4,6,4,6,4,8,,,,,,
0,株洲市国有资产投资控股集团有限公司,6,9,6,6,6,3,7,,,,,,
0,新疆天富集团有限责任公司,3,9,5,3,5,6,8,,,,,,
0,福建建工集团总公司,8,4,6,6,8,2,8,,,,,,
0,山东垦利石化集团有限公司,6,6,3,3,3,10,3,,,,,,
0,国家核电技术有限公司,4,4,9,5,8,5,7,,,,,,
0,中国林业集团公司,7,6,4,8,3,5,7,,,,,,
0,南京港华燃气有限公司,1,4,6,3,6,1,4,,,,,,
0,岚桥集团有限公司,10,7,3,3,3,5,7,,,,,,
0,甘肃省农垦集团有限责任公司,3,4,3,3,3,1,10,,,,,,
0,宝塔石化集团有限公司,6,7,3,3,6,2,7,,,,,,
0,辽宁省国有资产经营有限公司,5,8,7,6,5,3,4,,,,,,
0,华数数字电视传媒集团有限公司,1,5,6,7,7,6,2,,,,,,
0,中航国际控股股份有限公司,5,7,8,9,8,6,4,,,,,,
0,东莞市交通投资集团有限公司,6,6,6,6,10,10,7,,,,,,
0,宁夏宝丰能源集团股份有限公司,9,7,4,8,6,6,1,,,,,,
0,上海东浩兰生国际服务贸易(集团)有限公司,6,6,6,6,6,2,5,,,,,,
0,中国水利水电第十一工程局有限公司,2,9,10,6,10,8,7,,,,,,
0,山东大众报业(集团)有限公司,6,6,7,9,3,2,8,,,,,,
0,中国农业发展集团有限公司,4,4,3,3,3,6,6,,,,,,
0,华润万家有限公司,6,4,10,9,10,6,9,,,,,,
0,上海外高桥资产管理有限公司,7,7,9,5,4,3,8,,,,,,
0,桂林三金集团股份有限公司,1,6,5,3,3,4,2,,,,,,
0,宁波杭州湾新区开发建设有限公司,8,9,10,5,10,9,9,,,,,,
0,中国华录集团有限公司,3,4,10,10,8,4,2,,,,,,
0,苏州文化旅游发展集团有限公司,6,5,9,3,7,4,8,,,,,,
0,福建省船舶工业集团有限公司,4,5,3,7,6,8,9,,,,,,
0,江苏国泰国际集团有限公司,6,4,7,7,5,6,7,,,,,,
0,深业集团有限公司,8,6,5,6,6,6,4,,,,,,
0,天津高速公路集团有限公司,6,6,6,6,10,8,9,,,,,,
0,广州凯得控股有限公司,6,6,6,6,6,8,6,,,,,,
0,广东省盐业集团有限公司,2,7,4,6,6,1,4,,,,,,
0,江门市建设集团有限公司,8,6,6,6,6,1,7,,,,,,
0,江苏文峰集团有限公司,4,6,3,6,6,6,6,,,,,,
0,北京对外经贸控股集团有限公司,7,4,3,3,6,7,7,,,,,,
0,江西省出版集团公司,3,6,3,5,4,6,1,,,,,,
0,南京市玄武区国有资产投资管理控股(集团)有限公司,6,8,6,6,6,9,5,,,,,,
0,苏州创元投资发展(集团)有限公司,5,6,8,6,5,1,3,,,,,,
0,潍坊水务投资有限责任公司,6,8,3,3,3,8,7,,,,,,
0,黄石市国有资产经营有限公司,1,6,8,6,6,6,8,,,,,,
0,中国生物技术股份有限公司,2,6,10,9,8,6,3,,,,,,
0,潍柴控股集团有限公司,1,4,5,3,3,1,8,,,,,,
0,上海华虹(集团)有限公司,9,6,8,3,6,4,4,,,,,,
0,光明房地产集团股份有限公司,9,9,7,4,4,1,7,,,,,,
0,中山城市建设集团有限公司,7,10,6,6,6,10,8,,,,,,
0,天津泰港实业有限公司,8,4,6,6,9,8,8,,,,,,
0,安徽省高速地产集团有限公司,10,10,6,3,8,4,5,,,,,,
0,北京水务投资中心,6,6,3,4,6,6,9,,,,,,
0,北京海纳川汽车部件股份有限公司,7,6,10,9,9,5,8,,,,,,
0,北京金泰集团有限公司,8,10,3,3,6,9,6,,,,,,
0,中国水务投资有限公司,6,6,6,6,6,7,5,,,,,,
0,鹰潭市投资公司,10,8,6,6,6,10,7,,,,,,
0,华润电力投资有限公司,6,6,9,7,8,6,1,,,,,,
0,赤峰市城市基础设施投资开发有限公司,8,7,6,6,6,6,5,,,,,,
0,大冶有色金属集团控股有限公司,9,9,7,7,9,7,9,,,,,,
0,河钢股份有限公司,5,4,10,10,9,8,9,,,,,,
0,河北海伟交通设施集团有限公司,9,7,3,3,3,6,1,,,,,,
0,海航投资集团股份有限公司,4,4,6,4,6,6,4,,,,,,
0,花样年集团(中国)有限公司,9,10,6,5,6,6,4,,,,,,
0,新奥(中国)燃气投资有限公司,3,4,7,7,6,1,3,,,,,,
0,陕西东岭工贸集团股份有限公司,10,9,7,6,9,7,7,,,,,,
0,苏州市吴江东方国有资本投资经营有限公司,1,10,6,6,6,6,7,,,,,,
0,中国泛海控股集团有限公司,10,8,6,6,3,1,3,,,,,,
0,铜陵有色金属集团控股有限公司,6,4,3,4,6,6,9,,,,,,
0,广东省机场管理集团有限公司,2,4,4,8,3,7,3,,,,,,
0,闽西兴杭国有资产投资经营有限公司,2,6,6,7,5,5,9,,,,,,
0,北京生物医药产业基地发展有限公司,6,8,3,7,3,10,6,,,,,,
0,河北广电信息网络集团股份有限公司,1,4,3,3,3,1,6,,,,,,
0,荆州开发区城市建设投资开发有限公司,7,4,3,3,3,10,2,,,,,,
0,清远市交通建设开发公司,6,6,6,6,6,10,5,,,,,,
0,北京市华远集团有限公司,10,10,8,6,6,8,3,,,,,,
0,新疆生产建设兵团农八师天山铝业有限公司,6,7,9,9,10,9,7,,,,,,
0,江苏联峰实业股份有限公司,8,9,10,10,10,9,9,,,,,,
0,湘江产业投资有限责任公司,6,6,6,7,6,6,,,,,,,
0,三明市交通建设集团有限公司,1,5,3,3,6,10,6,,,,,,
0,嘉兴市文化名城投资集团有限公司,7,10,6,6,3,4,6,,,,,,
0,中国机械工业集团有限公司,6,5,6,5,6,1,2,,,,,,
0,雅安市国有资产经营有限责任公司,1,4,3,3,6,7,4,,,,,,
0,中国核能电力股份有限公司,1,4,6,10,5,10,3,,,,,,
0,广东南方报业传媒集团有限公司,6,6,6,10,6,6,6,,,,,,
0,福州市水务投资发展有限公司,1,6,6,6,6,9,8,,,,,,
0,内蒙古阜丰生物科技有限公司,5,7,9,4,9,6,5,,,,,,
0,华宝投资有限公司,1,4,6,6,6,6,5,,,,,,
0,世纪金源投资集团有限公司,8,9,3,3,7,9,1,,,,,,
0,广州合景房地产开发有限公司,9,10,9,6,6,6,8,,,,,,
0,邢台钢铁有限责任公司,9,7,6,10,6,6,9,,,,,,
0,中粮置业投资有限公司,10,6,6,7,6,3,4,,,,,,
0,中静新华资产管理有限公司,10,4,10,6,6,6,,,,,,,
0,狮桥融资租赁(中国)有限公司,10,9,8,10,6,6,9,,,,,,
0,北京望京搜候房地产有限公司,10,6,6,6,3,6,9,,,,,,
0,上海电气(集团)总公司,4,6,9,8,6,1,5,,,,,,
0,中交疏浚(集团)股份有限公司,2,5,10,7,9,6,2,,,,,,
0,宜昌兴发集团有限责任公司,9,8,6,7,7,5,9,,,,,,
0,宁夏伊品生物科技股份有限公司,4,4,7,6,6,6,3,,,,,,
0,青岛港国际股份有限公司,4,4,9,10,9,6,3,,,,,,
0,远东智慧能源股份有限公司,6,6,6,6,6,6,3,,,,,,
0,山东高速集团有限公司,8,4,6,6,6,4,5,,,,,,
0,江苏汇鸿国际集团股份有限公司,5,6,4,4,6,4,3,,,,,,
0,厦门港务控股集团有限公司,2,5,6,6,6,4,6,,,,,,
0,冀中能源峰峰集团有限公司,1,4,9,6,7,3,8,,,,,,
0,中国航空技术国际控股有限公司,5,5,8,8,8,1,6,,,,,,
0,厦门钨业股份有限公司,5,4,5,8,3,4,10,,,,,,
0,无锡市国联发展(集团)有限公司,4,8,9,3,5,9,5,,,,,,
0,中国国电集团公司,7,5,6,6,6,2,5,,,,,,
0,中国外运股份有限公司,2,5,8,8,9,6,3,,,,,,
0,新兴际华集团有限公司,8,4,3,3,5,2,6,,,,,,
0,北京市国有资产经营有限责任公司,8,5,5,3,6,3,4,,,,,,
0,北京银建投资公司,6,4,6,6,6,9,8,,,,,,
0,广东恒健投资控股有限公司,5,6,6,7,4,6,3,,,,,,
0,温州市公用事业投资集团有限公司,6,9,6,6,3,8,9,,,,,,
0,广西投资集团有限公司,6,5,8,3,7,5,6,,,,,,
0,嘉兴市城市投资发展集团有限公司,5,4,6,6,3,8,7,,,,,,
0,大连港集团有限公司,4,6,7,6,7,7,7,,,,,,
0,福建省交通运输集团有限责任公司,6,6,6,6,6,4,8,,,,,,
0,杭州市交通投资集团有限公司,3,8,6,10,6,10,6,,,,,,
0,日照港集团有限公司,6,9,4,3,3,5,9,,,,,,
0,中航机电系统有限公司,6,4,9,7,9,2,7,,,,,,
0,安徽省投资集团控股有限公司,7,7,6,6,5,7,7,,,,,,
0,陕西煤业化工集团有限责任公司,4,6,6,6,6,1,9,,,,,,
0,北京海国鑫泰投资控股中心,6,8,6,6,6,6,7,,,,,,
0,珠海港控股集团有限公司,2,6,7,5,6,6,9,,,,,,
0,中国水利水电第七工程局有限公司,9,6,10,5,10,8,8,,,,,,
0,四川省交通投资集团有限责任公司,6,5,3,7,4,6,7,,,,,,
0,中国商用飞机有限责任公司,6,6,4,5,3,6,9,,,,,,
0,远东国际租赁有限公司,7,4,5,4,8,6,8,,,,,,
0,浙江省能源集团有限公司,3,5,7,6,7,9,2,,,,,,
0,重庆市国有文化资产经营管理有限责任公司,5,6,3,3,6,1,6,,,,,,
0,沈阳惠天热电股份有限公司,2,4,6,8,7,1,6,,,,,,
0,铜陵化学工业集团有限公司,4,7,6,4,9,6,8,,,,,,
0,上海张江(集团)有限公司,6,7,6,6,6,5,6,,,,,,
0,上海申通地铁股份有限公司,9,7,3,10,3,10,8,,,,,,
0,万丰奥特控股集团有限公司,8,7,3,7,3,3,5,,,,,,
0,浙江新澳实业有限公司,6,7,3,3,3,4,4,,,,,,
0,北京京煤集团有限责任公司,6,7,3,3,10,5,9,,,,,,
0,国泰租赁有限公司,7,10,10,3,6,6,9,,,,,,
0,南京高精传动设备制造集团有限公司,8,7,8,7,7,5,1,,,,,,
0,山西能源交通投资有限公司,2,8,6,6,6,5,8,,,,,,
0,辽宁方大集团实业有限公司,9,8,4,4,6,4,9,,,,,,
0,云南保山电力股份有限公司,3,6,6,4,6,10,10,,,,,,
0,昆明钢铁控股有限公司,6,9,6,6,10,9,10,,,,,,
0,乌鲁木齐国有资产经营(集团)有限公司,6,10,7,4,8,7,8,,,,,,
0,河南省收费还贷高速公路管理有限公司,6,6,6,6,6,9,5,,,,,,
0,山西国际电力集团有限公司,5,8,8,9,8,6,7,,,,,,
0,隆鑫控股有限公司,6,6,6,7,6,6,8,,,,,,
0,昆明自来水集团有限公司,1,4,6,6,6,6,9,,,,,,
0,山西天然气有限公司,2,10,10,9,9,7,5,,,,,,
0,河南心连心化肥有限公司,6,6,3,5,6,6,4,,,,,,
0,昆山创业控股集团有限公司,6,8,6,6,6,4,1,,,,,,
0,贵州产业投资(集团)有限责任公司,6,7,6,6,6,10,3,,,,,,
0,无锡市市政公用产业集团有限公司,2,10,6,6,5,8,5,,,,,,
0,无锡市交通产业集团有限公司,6,9,5,8,10,9,8,,,,,,
0,武汉金融控股(集团)有限公司,3,7,6,6,6,2,6,,,,,,
0,北方联合电力有限责任公司,3,6,6,3,6,9,10,,,,,,
0,安徽省外经建设(集团)有限公司,5,4,6,6,6,9,6,,,,,,
0,宜宾市国有资产经营有限公司,3,7,5,6,4,2,2,,,,,,
0,重庆供销控股(集团)有限公司,4,5,6,6,6,2,5,,,,,,
0,广州港集团有限公司,1,5,6,7,7,4,6,,,,,,
0,广铝集团有限公司,8,6,6,6,6,4,7,,,,,,
0,陕西旅游集团有限公司,7,9,6,6,8,1,8,,,,,,
0,温州市工业投资集团有限公司,2,6,6,6,5,7,8,,,,,,
0,山东水务发展集团有限公司,4,6,6,6,10,4,9,,,,,,
0,兰州兰石集团有限公司,9,6,6,6,6,6,6,,,,,,
0,西安水务(集团)有限责任公司,6,6,6,6,6,1,9,,,,,,
0,苏州科技城发展有限公司,10,10,6,6,6,2,5,,,,,,
0,北京市首都公路发展集团有限公司,10,6,6,6,5,3,7,,,,,,
0,长春市轨道交通集团有限公司,1,6,6,6,6,7,6,,,,,,
0,杭州萧山国际机场有限公司,6,6,6,6,6,4,5,,,,,,
0,中国建筑一局(集团)有限公司,4,6,5,4,7,1,5,,,,,,
0,浙江昆仑控股集团有限公司,9,8,6,6,6,2,7,,,,,,
0,中国汽车技术研究中心,4,6,6,6,6,3,1,,,,,,
0,宁波金田投资控股有限公司,8,6,6,6,6,2,6,,,,,,
0,南京中电熊猫信息产业集团有限公司,8,6,6,6,8,2,7,,,,,,
0,华鲁控股集团有限公司,6,6,6,6,6,4,3,,,,,,
0,青岛啤酒集团有限公司,4,6,6,6,6,6,3,,,,,,
0,南京港(集团)有限公司,1,5,6,6,3,4,8,,,,,,
0,上海永达投资控股集团有限公司,6,6,3,5,3,6,5,,,,,,
0,广东珠三角城际轨道交通有限公司,6,4,3,10,6,6,5,,,,,,
0,河北建投新能源有限公司,6,4,3,3,6,10,7,,,,,,
0,厦门市政集团有限公司,1,6,3,3,4,3,8,,,,,,
0,大秦铁路股份有限公司,1,4,8,8,10,9,2,,,,,,
0,广州越秀融资租赁有限公司,6,10,6,6,6,6,,,,,,,
0,新和成控股集团有限公司,5,7,5,6,5,5,2,,,,,,
0,四川峨胜水泥集团股份有限公司,8,4,5,3,3,8,9,,,,,,
0,新疆凯迪投资有限责任公司,9,4,3,3,3,8,3,,,,,,
0,四川铁骑力士实业有限公司,6,6,6,6,8,2,2,,,,,,
0,大连国有资源投资集团有限公司,2,6,6,6,6,6,5,,,,,,
0,广东省航运集团有限公司,6,6,6,6,6,6,5,,,,,,
0,杭州正才控股集团有限公司,10,7,8,9,8,6,6,,,,,,
0,上海外高桥集团股份有限公司,6,6,9,5,6,3,8,,,,,,
0,国电华北电力有限公司,6,4,5,9,3,1,4,,,,,,
0,河北建设投资集团有限责任公司,6,5,6,6,6,3,4,,,,,,
0,上海徐家汇商城(集团)有限公司,6,6,6,6,6,6,3,,,,,,
0,城发投资集团有限公司,6,9,6,6,6,6,7,,,,,,
0,义乌市国有资本运营中心,6,4,6,6,6,6,6,,,,,,
0,烨辉(中国)科技材料有限公司,2,6,7,3,7,8,9,,,,,,
0,武汉商贸国有控股集团有限公司,9,6,6,6,6,5,5,,,,,,
0,中航高科技发展有限公司,4,6,10,9,10,4,6,,,,,,
0,合肥市工业投资控股有限公司,6,10,6,6,6,5,7,,,,,,
0,威高集团有限公司,6,7,6,7,6,1,2,,,,,,
0,重庆市轨道交通(集团)有限公司,2,6,6,6,8,9,8,,,,,,
0,中国金茂(集团)有限公司,6,6,6,6,6,1,4,,,,,,
0,浙江中成控股集团有限公司,6,8,6,6,5,5,7,,,,,,
0,甘肃省电力投资集团有限责任公司,6,6,6,6,6,7,10,,,,,,
0,重庆高速公路集团有限公司,10,6,3,6,7,7,7,,,,,,
0,上海申通地铁集团有限公司,1,10,7,8,9,9,7,,,,,,
0,河北出版传媒集团有限责任公司,6,6,6,6,6,6,2,,,,,,
0,中国中材集团有限公司,5,6,3,3,4,2,7,,,,,,
0,长江经济联合发展(集团)股份有限公司,7,6,3,6,4,1,8,,,,,,
0,温州市交通运输集团有限公司,7,10,6,6,6,1,9,,,,,,
0,重庆高速公路股份有限公司,6,6,6,6,6,6,8,,,,,,
0,贵州盘江投资控股(集团)有限公司,2,7,6,6,6,5,10,,,,,,
0,徐州矿务集团有限公司,2,5,6,6,6,3,10,,,,,,
0,广东省路桥建设发展有限公司,10,5,6,6,10,10,8,,,,,,
0,玖龙纸业(天津)有限公司,6,6,5,10,3,4,7,,,,,,
0,新奥生态控股股份有限公司,10,6,10,7,9,5,7,,,,,,
0,广州市城市建设投资集团有限公司,2,9,8,9,4,5,6,,,,,,
0,海通恒信国际租赁有限公司,1,6,6,6,6,6,7,,,,,,
0,四川双马水泥股份有限公司,2,6,5,8,3,7,10,,,,,,
0,广西北部湾投资集团有限公司,6,9,6,6,6,6,7,,,,,,
0,青岛前湾集装箱码头有限责任公司,6,6,10,10,9,6,1,,,,,,
0,中国通用技术(集团)控股有限责任公司,6,4,6,6,6,3,6,,,,,,
0,广东省铁路建设投资集团有限公司,6,6,6,6,6,6,8,,,,,,
0,广州市建筑集团有限公司,6,6,6,6,6,6,5,,,,,,
0,安徽广电传媒产业集团有限责任公司,6,6,3,3,4,7,3,,,,,,
0,重庆城市交通开发投资(集团)有限公司,6,9,10,10,8,6,9,,,,,,
0,福建省高速公路有限责任公司,6,6,6,6,6,6,8,,,,,,
0,福建龙净环保股份有限公司,4,5,6,6,6,6,3,,,,,,
0,南京禄口国际机场有限公司,6,6,6,6,6,5,7,,,,,,
0,山东广电网络有限公司,6,6,5,5,4,4,3,,,,,,
0,合肥市国有资产控股有限公司,6,5,6,6,6,6,7,,,,,,
0,宝鸡钛业股份有限公司,3,6,3,3,7,6,10,,,,,,
0,四川华西集团有限公司,4,10,6,6,4,1,7,,,,,,
0,广东省建筑工程集团有限公司,5,9,6,6,6,4,9,,,,,,
0,广州电气装备集团有限公司,6,9,7,3,7,3,9,,,,,,
0,怀化市水业投资总公司,4,6,6,6,6,8,7,,,,,,
0,山西太钢不锈钢股份有限公司,5,6,10,9,9,6,10,,,,,,
0,衣念(上海)时装贸易有限公司,6,6,9,10,9,6,7,,,,,,
0,重庆钢铁集团矿业有限公司,9,6,10,5,6,9,9,,,,,,
0,北方凌云工业集团有限公司,3,6,6,6,3,3,4,,,,,,
0,重庆市武隆喀斯特旅游(集团)有限公司,6,6,6,6,10,5,4,,,,,,
0,郑州市热力总公司,6,9,6,10,6,2,6,,,,,,
0,厦门轻工集团有限公司,3,6,6,6,6,7,7,,,,,,
0,天津华勘集团有限公司,4,10,6,6,4,3,9,,,,,,
0,重庆乌江电力有限公司,6,6,6,6,6,6,8,,,,,,
0,长沙通程实业(集团)有限公司,8,4,3,3,3,5,9,,,,,,
0,陕西华山旅游集团有限公司,4,4,3,9,3,6,8,,,,,,
0,华鑫置业(集团)有限公司,6,6,6,6,6,6,6,,,,,,
0,仲利国际租赁有限公司,6,6,6,6,6,6,7,,,,,,
0,桂林市交通投资控股集团有限公司,6,6,6,6,6,6,10,,,,,,
0,中国水利水电第四工程局有限公司,2,4,10,5,8,6,8,,,,,,
0,厦门思明国有控股集团有限公司,6,10,3,3,8,9,9,,,,,,
0,湖南省建筑工程集团总公司,4,6,3,3,3,3,5,,,,,,
0,中国水利水电第十三工程局有限公司,2,7,10,8,10,8,9,,,,,,
0,苏州金螳螂企业(集团)有限公司,4,4,6,6,6,1,6,,,,,,
0,上海国有资产经营有限公司,2,4,6,6,6,6,,,,,,,
0,建发房地产集团有限公司,10,6,6,5,6,6,2,,,,,,
0,安徽省农垦集团有限公司,6,6,6,6,6,6,5,,,,,,
0,河南省农业综合开发公司,9,8,3,3,3,3,6,,,,,,
0,云南农垦集团有限责任公司,5,5,6,6,6,6,6,,,,,,
0,中电建路桥集团有限公司,7,4,6,10,9,7,6,,,,,,
0,福州文化旅游投资集团有限公司,6,4,3,3,3,9,8,,,,,,
0,中国电建地产集团有限公司,9,4,3,10,4,9,7,,,,,,
0,广东省公路建设有限公司,10,4,6,9,7,7,8,,,,,,
0,中粮生物化学(安徽)股份有限公司,9,6,9,10,8,8,10,,,,,,
0,龙岩市汇金发展集团有限公司,2,9,6,6,3,9,7,,,,,,
0,陕西建工集团有限公司,3,6,6,6,6,1,7,,,,,,
0,山西省经济建设投资集团有限公司,6,6,6,6,6,6,7,,,,,,
0,新东北电气集团高压开关设备有限公司,9,6,10,10,9,7,7,,,,,,
0,重庆轻纺控股(集团)公司,5,4,4,4,3,4,7,,,,,,
0,南京铁路建设投资有限责任公司,2,4,6,6,3,10,6,,,,,,
0,天津劝业场(集团)股份有限公司,6,6,9,3,10,10,9,,,,,,
0,重庆高科集团有限公司,6,6,8,8,10,10,2,,,,,,
0,华能澜沧江水电股份有限公司,2,4,3,9,10,10,9,,,,,,
0,招金矿业股份有限公司,3,4,4,9,9,6,6,,,,,,
0,陕西省交通建设集团公司,10,4,3,6,10,4,8,,,,,,
0,物产中大集团股份有限公司,6,5,5,6,3,2,4,,,,,,
0,北京神州泰岳软件股份有限公司,2,7,4,6,5,6,7,,,,,,
0,青岛能源热电有限公司,3,8,6,9,7,7,10,,,,,,
0,鲁西化工集团股份有限公司,5,7,4,5,7,3,7,,,,,,
0,晋能集团有限公司,2,10,3,3,5,3,9,,,,,,
0,重庆铁发遂渝高速公路有限公司,6,4,6,10,3,9,2,,,,,,
0,九州通医药集团股份有限公司,6,9,5,4,5,1,7,,,,,,
0,成都市公共交通集团有限公司,2,9,4,3,3,9,8,,,,,,
0,湛江港(集团)股份有限公司,1,4,8,5,6,5,10,,,,,,
0,红狮控股集团有限公司,6,6,3,3,4,1,6,,,,,,
0,国药控股股份有限公司,5,4,6,7,4,1,4,,,,,,
0,陕西省高速公路建设集团公司,6,9,3,3,3,2,9,,,,,,
0,湖南富兴集团有限公司,1,4,6,6,3,5,6,,,,,,
0,中广核风电有限公司,1,4,3,7,3,7,5,,,,,,
0,宝钢金属有限公司,2,6,9,10,6,1,8,,,,,,
0,常熟市城市经营投资有限公司,6,10,3,3,3,6,4,,,,,,
0,江西省铁路投资集团公司,8,7,3,3,7,7,9,,,,,,
0,天津中环半导体股份有限公司,4,4,9,10,10,6,6,,,,,,
0,云南驰宏锌锗股份有限公司,4,5,5,6,8,7,8,,,,,,
0,宜宾天原集团股份有限公司,8,5,7,4,3,7,8,,,,,,
0,山西西山煤电股份有限公司,5,8,9,10,9,8,9,,,,,,
0,吴江经济技术开发区发展总公司,8,10,6,6,6,6,,,,,,,
0,苏州元禾控股股份有限公司,6,7,6,5,6,4,2,,,,,,
0,内蒙古蒙电华能热电股份有限公司,1,4,8,10,8,3,9,,,,,,
0,海通开元投资有限公司,6,6,6,6,6,9,,,,,,,
0,广东榕泰实业股份有限公司,7,6,6,6,6,4,9,,,,,,
0,南通国有资产投资控股有限公司,3,10,6,6,6,9,2,,,,,,
0,南通汽运实业集团有限公司,8,8,5,5,6,5,8,,,,,,
0,海南海药股份有限公司,7,7,5,7,5,7,3,,,,,,
0,兴源环境科技股份有限公司,1,4,3,3,3,4,6,,,,,,
0,贵人鸟股份有限公司,9,4,3,7,5,4,5,,,,,,
0,中铝宁夏能源集团有限公司,8,6,9,6,6,6,6,,,,,,
0,山东宏桥新型材料有限公司,2,5,4,9,3,9,8,,,,,,
0,国电福建电力有限公司,7,4,9,10,5,9,7,,,,,,
0,北京市政路桥股份有限公司,6,6,6,6,6,6,8,,,,,,
0,五凌电力有限公司,6,6,7,8,5,6,2,,,,,,
0,云南华电金沙江中游水电开发有限公司,6,4,6,6,6,10,8,,,,,,
0,苏州乐园发展有限公司,7,4,6,5,3,5,1,,,,,,
0,湖北宜化化工股份有限公司,6,7,4,8,8,3,9,,,,,,
0,中国建筑第五工程局有限公司,6,4,6,6,6,6,3,,,,,,
0,四川省盐业总公司,4,5,6,6,8,9,2,,,,,,
0,金发科技股份有限公司,4,6,3,6,3,1,3,,,,,,
0,张家界市武陵源旅游产业发展有限公司,6,4,3,3,3,10,3,,,,,,
0,上海国际集团资产管理有限公司,6,6,6,6,6,10,1,,,,,,
0,湖南兴湘投资控股集团有限公司,6,6,6,6,6,6,5,,,,,,
0,安徽省国有资产运营有限公司,2,6,6,6,5,6,3,,,,,,
0,浙江省农村发展集团有限公司,3,10,6,6,3,7,6,,,,,,
0,杭州滨江房产集团股份有限公司,9,4,6,3,9,1,1,,,,,,
0,北京时尚控股有限责任公司,6,6,6,6,6,6,4,,,,,,
0,七冶建设集团有限责任公司,4,4,6,6,3,4,7,,,,,,
0,江苏连云港港口股份有限公司,6,4,9,10,7,3,9,,,,,,
0,大连万达商业地产股份有限公司,10,9,3,7,9,2,3,,,,,,
0,格盟国际能源有限公司,6,6,6,5,7,8,9,,,,,,
0,云南旅游股份有限公司,2,4,9,3,8,7,4,,,,,,
0,北京掌趣科技股份有限公司,3,4,3,4,3,8,3,,,,,,
0,广东珠江投资股份有限公司,9,8,5,9,9,7,9,,,,,,
0,新疆五家渠城市建设投资经营有限公司,5,5,10,3,6,9,6,,,,,,
0,天津市宁河区兴宁建设投资集团有限公司,6,10,6,6,3,10,8,,,,,,
0,温州市铁路与轨道交通投资集团有限公司,1,8,3,3,3,10,5,,,,,,
0,景德镇陶瓷文化旅游发展有限责任公司,8,4,3,3,3,10,,,,,,,
0,唐山金融控股集团股份有限公司,6,7,3,3,3,10,9,,,,,,
0,唐山市冀东物贸集团有限责任公司,6,6,6,7,4,5,9,,,,,,
0,苏州国际发展集团有限公司,6,8,6,6,6,6,5,,,,,,
0,江苏省盐业集团有限责任公司,6,4,3,3,3,5,4,,,,,,
0,中山兴中集团有限公司,6,7,3,3,3,7,6,,,,,,
0,山西建筑工程(集团)总公司,6,6,3,3,3,1,8,,,,,,
0,福建阳光集团有限公司,1,4,3,3,3,1,5,,,,,,
0,蓬莱市蓬莱阁旅游有限责任公司,6,9,6,6,6,6,9,,,,,,
0,遵义市红花岗城市建设投资经营有限公司,9,8,3,3,3,10,1,,,,,,
0,四川省铁路集团有限责任公司,7,7,10,3,7,7,9,,,,,,
0,浙江大东南集团有限公司,7,7,6,6,6,3,5,,,,,,
0,江苏南通二建集团有限公司,1,9,6,6,6,3,7,,,,,,
0,广州金融控股集团有限公司,8,4,3,6,5,6,8,,,,,,
0,阳光凯迪新能源集团有限公司,8,4,3,3,9,9,8,,,,,,
0,中芯国际集成电路制造有限公司,5,4,9,6,6,6,,,,,,,
0,北京神雾环境能源科技集团股份有限公司,6,10,9,3,7,7,9,,,,,,
0,江苏省沿海开发集团有限公司,4,4,3,3,3,3,5,,,,,,
0,贵州省物资集团有限责任公司,8,4,8,7,7,6,8,,,,,,
0,山西建设发展有限公司,4,4,3,3,3,1,8,,,,,,
0,湖北省科技投资集团有限公司,1,10,9,10,9,9,7,,,,,,
0,贵阳市工业投资(集团)有限公司,7,7,6,7,3,2,9,,,,,,
0,贵州省公路工程集团有限公司,4,10,10,7,8,8,7,,,,,,
0,潍坊市投资公司,2,9,3,3,3,6,7,,,,,,
0,亿阳集团股份有限公司,8,8,3,3,3,7,5,,,,,,
0,启东市城市建设投资开发总公司,8,10,3,3,3,10,7,,,,,,
0,新天绿色能源股份有限公司,1,6,3,3,3,8,9,,,,,,
0,华峰集团有限公司,8,6,4,3,4,2,5,,,,,,
0,即墨市城市旅游开发投资有限公司,10,10,3,10,10,9,3,,,,,,
0,融科智地房地产股份有限公司,9,10,5,7,3,6,7,,,,,,
0,福清市国有资产营运投资有限公司,6,6,10,3,10,10,5,,,,,,
0,山东能源集团有限公司,5,5,3,3,3,2,9,,,,,,
0,内蒙古高等级公路建设开发有限责任公司,6,6,3,3,3,6,10,,,,,,
0,海航航空集团有限公司,9,9,8,9,9,6,8,,,,,,
0,深圳市龙光控股有限公司,9,5,8,4,10,6,3,,,,,,
0,浙江金汇五金产业有限公司,8,9,3,3,3,10,8,,,,,,
0,青岛西海岸发展(集团)有限公司,7,9,3,3,3,6,8,,,,,,
0,阳江市恒财城市投资控股有限公司,7,4,3,3,3,9,9,,,,,,
0,桂林新城投资开发集团有限公司,10,8,10,3,3,9,5,,,,,,
0,重庆市长寿生态旅业开发有限公司,9,8,3,3,3,10,7,,,,,,
0,中国牧工商(集团)总公司,6,4,3,3,3,6,3,,,,,,
0,广东美的置业有限公司,4,8,5,6,9,6,7,,,,,,
0,宁夏农垦集团有限公司,9,6,3,3,3,4,6,,,,,,
0,四川新希望房地产开发有限公司,9,9,3,4,3,7,8,,,,,,
0,福建漳龙集团有限公司,4,4,3,3,3,8,8,,,,,,
0,绍兴市交通投资集团有限公司,6,10,3,3,5,5,8,,,,,,
0,安徽省供销商业总公司,8,9,3,3,3,2,10,,,,,,
0,北京市海淀区玉渊潭农工商总公司,1,4,4,3,3,9,1,,,,,,
0,成都金融控股集团有限公司,9,7,3,3,9,6,7,,,,,,
0,苏州市农业发展集团有限公司,8,8,3,3,3,7,7,,,,,,
0,山西晋城无烟煤矿业集团有限责任公司,7,10,3,3,3,2,9,,,,,,
0,山西兰花煤炭实业集团有限公司,4,5,6,6,7,7,10,,,,,,
0,成都地铁有限责任公司,9,7,7,3,3,10,6,,,,,,
0,浙江远洲控股有限公司,10,7,3,3,3,2,5,,,,,,
0,中国黄金集团公司,5,4,6,6,6,6,9,,,,,,
0,天津海泰控股集团有限公司,3,9,6,6,6,8,9,,,,,,
0,万向三农集团有限公司,6,6,6,6,6,6,7,,,,,,
0,浙江省国际贸易集团有限公司,4,4,4,4,5,3,7,,,,,,
0,山东重工集团有限公司,6,5,3,3,3,1,9,,,,,,
0,唐山市通顺交通投资开发有限责任公司,6,6,6,6,6,6,6,,,,,,
0,广西万通房地产有限公司,10,5,6,6,6,6,9,,,,,,
0,祥源控股集团有限责任公司,10,4,6,6,6,6,4,,,,,,
0,宝钛集团有限公司,6,4,8,7,6,4,9,,,,,,
0,浙江永利实业集团有限公司,7,9,6,6,6,6,7,,,,,,
0,中卫市建设投资有限责任公司,6,7,6,6,6,6,7,,,,,,
0,南京紫金投资集团有限责任公司,6,7,10,5,10,6,7,,,,,,
0,广州番禺雅居乐房地产开发有限公司,7,10,3,9,6,6,1,,,,,,
0,山东泰阳实业有限公司,5,8,6,6,6,5,5,,,,,,
0,西安高科(集团)公司,9,5,6,6,6,6,9,,,,,,
0,青岛海西建设投资集团有限公司,8,9,6,6,6,6,5,,,,,,
0,珠海华发综合发展有限公司,10,9,7,9,4,9,8,,,,,,
0,常州市城市建设(集团)有限公司,5,10,3,3,3,7,6,,,,,,
0,江苏沙钢集团有限公司,4,8,10,10,6,6,8,,,,,,
0,首钢总公司,4,5,8,9,9,6,10,,,,,,
0,福建三安集团有限公司,4,8,7,9,6,4,1,,,,,,
0,广东省广晟资产经营有限公司,7,8,5,5,6,2,8,,,,,,
0,河南投资集团有限公司,4,6,6,6,6,1,4,,,,,,
0,厦门象屿集团有限公司,2,4,3,4,4,5,4,,,,,,
0,广西铁路投资集团有限公司,5,8,3,4,3,6,9,,,,,,
0,北京供销社投资管理中心,1,4,7,5,3,5,8,,,,,,
0,苏州历史文化名城保护集团有限公司,6,10,3,3,3,9,7,,,,,,
0,广西交通投资集团有限公司,2,7,3,3,3,4,8,,,,,,
0,重庆市能源投资集团有限公司,10,7,8,4,6,4,9,,,,,,
0,唐山曹妃甸实业港务有限公司,1,4,10,8,10,9,4,,,,,,
0,上海纺织(集团)有限公司,5,8,5,4,8,2,5,,,,,,
0,江苏省国信资产管理集团有限公司,5,8,6,6,6,6,5,,,,,,
0,太原钢铁(集团)有限公司,3,7,7,5,5,5,10,,,,,,
0,广东省丝绸纺织集团有限公司,2,6,6,6,3,6,8,,,,,,
0,中国联合水泥集团有限公司,6,6,6,6,5,6,10,,,,,,
0,杭州汽轮动力集团有限公司,7,6,4,4,4,5,9,,,,,,
0,山东魏桥铝电有限公司,2,6,8,10,6,9,7,,,,,,
0,浙江恒逸集团有限公司,9,10,7,9,3,7,8,,,,,,
0,湖北省交通投资集团有限公司,2,4,3,3,3,5,5,,,,,,
0,巨化集团公司,5,6,7,7,6,3,6,,,,,,
0,江苏凤凰出版传媒集团有限公司,5,6,5,4,3,5,4,,,,,,
0,漳州市交通发展集团有限公司,4,4,6,6,6,9,7,,,,,,
0,清华控股有限公司,4,4,5,5,5,2,4,,,,,,
0,景德镇市国资运营投资控股集团有限责任公司,9,5,6,6,6,3,8,,,,,,
0,福建省投资开发集团有限责任公司,3,7,6,6,7,7,5,,,,,,
0,北大方正集团有限公司,6,9,6,6,6,2,5,,,,,,
0,申能(集团)有限公司,2,6,10,6,7,7,3,,,,,,
0,华晨汽车集团控股有限公司,6,6,4,3,4,6,7,,,,,,
0,河北省国有资产控股运营有限公司,6,6,6,6,6,5,8,,,,,,
0,成都文化旅游发展集团有限责任公司,6,6,6,6,6,9,6,,,,,,
0,江苏大丰海港控股集团有限公司,6,8,6,6,7,9,8,,,,,,
0,成都交通投资集团有限公司,6,7,6,6,6,6,4,,,,,,
0,海宁市资产经营公司,6,10,4,7,3,5,8,,,,,,
0,愉悦家纺有限公司,9,9,6,6,6,8,2,,,,,,
0,河南众品食业股份有限公司,8,8,8,7,8,1,5,,,,,,
0,湛江市交通投资集团有限公司,10,8,10,6,6,9,10,,,,,,
0,昆明产业开发投资有限责任公司,5,9,7,9,9,8,6,,,,,,
0,靖江港口集团有限公司,8,9,3,3,3,7,7,,,,,,
0,西子电梯集团有限公司,2,4,9,8,8,6,9,,,,,,
0,重庆康达环保产业(集团)有限公司,2,6,6,6,6,8,5,,,,,,
0,广州医药有限公司,6,6,6,7,4,6,8,,,,,,
0,大连远东企业集团有限公司,9,4,3,5,3,6,9,,,,,,
0,中国环球租赁有限公司,10,6,4,4,9,6,3,,,,,,
0,保利久联控股集团有限责任公司,3,6,5,6,4,5,9,,,,,,
0,中国核工业建设股份有限公司,3,8,8,4,8,1,6,,,,,,
0,天津市医药集团有限公司,4,6,6,6,6,2,7,,,,,,
0,湖州市交通投资集团有限公司,10,9,6,6,6,9,7,,,,,,
0,南京公用控股(集团)有限公司,6,10,5,5,5,2,9,,,,,,
0,浙江省兴合集团有限责任公司,6,6,4,4,6,6,6,,,,,,
0,中天建设集团有限公司,2,7,6,6,5,1,6,,,,,,
0,三胞集团有限公司,8,8,6,6,6,3,6,,,,,,
0,张家界市经济发展投资集团有限公司,6,6,6,6,6,10,8,,,,,,
0,上海久事(集团)有限公司,3,6,7,7,9,4,7,,,,,,
0,杭州宋城集团控股有限公司,7,6,5,5,8,5,2,,,,,,
0,重庆旅游投资集团有限公司,8,6,3,3,3,6,10,,,,,,
0,安徽省盐业总公司,6,4,6,7,3,1,8,,,,,,
0,上海陆家嘴(集团)有限公司,5,4,7,3,8,6,7,,,,,,
0,华仪集团有限公司,6,7,9,3,7,4,4,,,,,,
0,江苏华西集团有限公司,6,9,6,6,8,6,7,,,,,,
0,嘉兴市实业资产投资集团有限公司,6,9,6,8,3,7,10,,,,,,
0,北京有色金属研究总院,3,6,4,8,6,3,6,,,,,,
0,濮阳濮耐高温材料(集团)股份有限公司,3,4,6,3,6,4,7,,,,,,
0,深圳翰宇药业股份有限公司,1,4,3,4,3,6,3,,,,,,
0,广东省粤科金融集团有限公司,6,5,3,3,5,7,7,,,,,,
0,深圳市宝德投资控股有限公司,4,6,4,3,3,6,10,,,,,,
0,三湘股份有限公司,10,5,3,9,9,8,9,,,,,,
0,潍坊歌尔集团有限公司,4,6,3,3,3,7,6,,,,,,
0,陕西电子信息集团有限公司,3,6,6,6,6,6,8,,,,,,
0,东旭集团有限公司,9,5,4,3,5,8,3,,,,,,
0,铜陵发展投资集团有限公司,2,7,7,3,10,10,4,,,,,,
0,五洋建设集团股份有限公司,9,9,6,6,6,1,4,,,,,,
0,魏桥纺织股份有限公司,5,4,10,4,7,6,1,,,,,,
0,甘肃亚盛实业(集团)股份有限公司,3,4,7,9,6,3,7,,,,,,
0,京投发展股份有限公司,9,9,3,3,6,9,2,,,,,,
0,远洋地产有限公司,8,7,8,6,10,6,4,,,,,,
0,哈尔滨好民居建设投资发展有限公司,10,4,3,3,6,10,3,,,,,,
0,湖北清能投资发展集团有限公司,9,6,6,6,6,8,2,,,,,,
0,新疆金融投资有限公司,7,4,6,6,6,6,4,,,,,,
0,广州越秀集团有限公司,8,5,5,6,4,1,8,,,,,,
0,厦门住宅建设集团有限公司,8,10,6,6,6,9,3,,,,,,
0,上海城开(集团)有限公司,10,9,8,8,3,6,9,,,,,,
0,宝信国际融资租赁有限公司,10,4,9,8,6,6,8,,,,,,
0,成都城建投资管理集团有限责任公司,6,4,6,6,3,6,5,,,,,,
0,红河州公路开发经营有限责任公司,6,5,6,6,6,10,8,,,,,,
0,武汉光谷联合集团有限公司,10,8,6,6,4,3,1,,,,,,
0,桓台县金海公有资产经营有限公司,9,8,3,3,3,9,5,,,,,,
0,佛山欧神诺陶瓷股份有限公司,9,7,3,7,3,9,4,,,,,,
0,陕西黄河矿业(集团)有限责任公司,6,9,6,3,6,6,10,,,,,,
0,长沙县通途交通建设投资有限公司,9,7,6,6,6,6,8,,,,,,
0,上海市信息投资股份有限公司,6,6,3,6,6,5,3,,,,,,
0,深圳市盐田港集团有限公司,3,4,7,10,10,8,4,,,,,,
0,武汉邮电科学研究院,1,6,3,4,3,1,6,,,,,,
0,深圳卓越世纪城房地产开发有限公司,10,10,6,6,10,6,,,,,,,
0,复地(集团)股份有限公司,10,8,6,6,6,9,5,,,,,,
0,中天钢铁集团有限公司,10,9,3,7,7,6,8,,,,,,
0,郑州宇通集团有限公司,2,4,4,5,3,6,1,,,,,,
0,景瑞地产(集团)有限公司,10,6,4,1,8,6,9,,,,,,
0,北京兆泰集团股份有限公司,10,4,6,6,6,9,3,,,,,,
0,广州无线电集团有限公司,8,4,6,6,6,1,3,,,,,,
0,北新建材集团有限公司,2,4,8,6,6,6,8,,,,,,
0,唐山三友碱业(集团)有限公司,2,8,9,4,9,1,5,,,,,,
0,深圳市深业基建控股有限公司,10,6,6,4,6,6,7,,,,,,
0,江西省天然气(赣投气通)控股有限公司,2,6,10,4,3,10,9,,,,,,
0,天津中环电子信息集团有限公司,4,6,8,7,7,2,8,,,,,,
0,丹东港集团有限公司,8,8,9,6,7,9,7,,,,,,
0,德力西集团有限公司,2,6,3,3,6,1,4,,,,,,
0,华电福新能源股份有限公司,3,4,6,10,5,8,6,,,,,,
0,润华集团股份有限公司,6,6,3,3,6,6,7,,,,,,
0,安徽省能源集团有限公司,7,6,6,6,4,9,2,,,,,,
0,山东玉皇化工有限公司,6,9,6,6,6,7,5,,,,,,
0,宁波市杭州湾大桥发展有限公司,6,6,6,6,6,10,3,,,,,,
0,厦门路桥建设集团有限公司,3,4,6,6,6,2,6,,,,,,
0,龙岩工贸发展集团有限公司,10,10,3,3,6,10,6,,,,,,
0,南京南瑞集团公司,3,6,10,9,10,3,3,,,,,,
0,安徽国贸集团控股有限公司,4,6,6,6,6,2,9,,,,,,
0,中国供销集团有限公司,6,4,4,6,6,2,8,,,,,,
0,雅砻江流域水电开发有限公司,6,6,6,6,6,6,3,,,,,,
0,海天建设集团有限公司,5,9,5,3,5,2,5,,,,,,
0,烟台打捞局,6,6,6,6,6,6,8,,,,,,
0,江苏华地国际控股集团有限公司,6,4,6,6,6,6,6,,,,,,
0,绵阳交通发展集团有限责任公司,6,6,6,6,6,6,5,,,,,,
0,上海新长宁(集团)有限公司,1,6,6,6,10,10,8,,,,,,
0,青建集团股份公司,7,10,5,6,7,8,6,,,,,,
0,重庆市迪马实业股份有限公司,9,5,4,6,5,3,7,,,,,,
0,重庆出版集团有限公司,7,5,10,5,8,5,6,,,,,,
0,湖北国创高新材料股份有限公司,5,8,7,3,7,5,5,,,,,,
0,湖南大康国际农业食品股份有限公司,8,9,6,8,6,8,7,,,,,,
0,深圳赤湾石油基地股份有限公司,6,6,6,6,6,6,9,,,,,,
0,中顺洁柔纸业股份有限公司,7,6,7,4,8,6,4,,,,,,
0,广东德豪润达电气股份有限公司,9,4,7,3,6,5,8,,,,,,
0,贵州久联民爆器材发展股份有限公司,3,6,7,6,5,6,9,,,,,,
0,南京港股份有限公司,6,8,9,8,10,9,6,,,,,,
0,荣盛石化股份有限公司,7,9,9,8,10,9,6,,,,,,
0,中弘控股股份有限公司,10,6,6,6,6,1,7,,,,,,
0,信达投资有限公司,8,6,7,4,7,10,6,,,,,,
0,京东方科技集团股份有限公司,10,4,8,6,6,6,7,,,,,,
0,中国南山开发(集团)股份有限公司,3,6,4,4,4,1,2,,,,,,
0,恒泰艾普集团股份有限公司,5,6,5,6,6,5,8,,,,,,
0,蓝盾信息安全技术股份有限公司,6,6,6,6,6,2,1,,,,,,
0,陕西必康制药集团控股有限公司,8,4,6,6,6,4,1,,,,,,
0,成都天翔环境股份有限公司,9,7,10,8,8,5,4,,,,,,
0,江苏必康制药股份有限公司,7,6,6,5,6,5,1,,,,,,
0,上海集优机械股份有限公司,6,6,6,6,6,6,4,,,,,,
0,上海海立(集团)股份有限公司,2,4,6,5,5,6,7,,,,,,
0,武汉钢铁股份有限公司,5,6,10,10,10,9,10,,,,,,
0,华远地产股份有限公司,10,7,8,6,10,9,4,,,,,,
0,宁波舟山港集团有限公司,6,6,6,6,6,6,4,,,,,,
0,亿达发展有限公司,10,8,9,7,9,6,7,,,,,,
0,湖北三宁化工股份有限公司,6,4,8,10,10,10,1,,,,,,
0,云南城投置业股份有限公司,9,10,9,10,8,8,10,,,,,,
0,苏州苏嘉杭高速公路有限公司,6,6,6,6,6,7,1,,,,,,
0,湖北新冶钢有限公司,6,6,10,10,10,6,6,,,,,,
0,重庆国信投资控股有限公司,7,6,6,6,6,6,3,,,,,,
0,汕头花园集团有限公司,10,7,3,5,3,6,4,,,,,,
0,陕西省产业投资有限公司,5,7,6,6,6,6,5,,,,,,
0,浙江瑞明节能科技股份有限公司,9,6,6,6,3,6,5,,,,,,
0,重庆渝涪高速公路有限公司,1,6,6,6,6,10,5,,,,,,
0,花园集团有限公司,8,6,6,6,6,3,7,,,,,,
0,江阴利港发电股份有限公司,6,6,10,10,4,6,3,,,,,,
0,康美药业股份有限公司,1,4,5,3,5,6,5,,,,,,
0,北京京能清洁能源电力股份有限公司,1,6,9,6,8,9,3,,,,,,
0,江苏苏通大桥有限责任公司,6,4,6,6,10,6,8,,,,,,
0,美都能源股份有限公司,10,6,3,3,5,9,10,,,,,,
0,浙江万马股份有限公司,6,6,3,3,3,1,2,,,,,,
0,温州港集团有限公司,6,6,8,4,6,8,9,,,,,,
0,安徽国祯环保节能科技股份有限公司,10,6,4,6,3,1,8,,,,,,
0,内蒙古能源发电投资集团有限公司,8,6,6,6,6,9,10,,,,,,
0,横店集团控股有限公司,6,6,6,6,6,4,6,,,,,,
0,西安迈科金属国际集团有限公司,8,6,7,7,3,5,9,,,,,,
0,格林美股份有限公司,5,4,7,4,3,8,7,,,,,,
0,成都博瑞投资控股集团有限公司,1,6,6,6,8,4,9,,,,,,
0,星期六股份有限公司,4,6,3,3,3,1,7,,,,,,
0,珠海水务集团有限公司,6,6,4,6,3,8,3,,,,,,
0,深圳市芭田生态工程股份有限公司,3,4,3,4,3,6,7,,,,,,
0,湖南湘投控股集团有限公司,6,7,6,6,6,6,3,,,,,,
0,山东金晶科技股份有限公司,8,4,7,5,3,6,7,,,,,,
0,四川航空股份有限公司,6,6,6,4,7,6,4,,,,,,
0,广州海格通信集团股份有限公司,2,6,7,6,5,3,1,,,,,,
0,云南地矿总公司(集团),6,6,6,6,6,6,9,,,,,,
0,国能生物发电集团有限公司,5,4,10,6,9,9,6,,,,,,
0,合肥华泰集团股份有限公司,6,8,6,6,6,7,2,,,,,,
0,靖远煤业集团有限责任公司,6,4,6,6,6,5,8,,,,,,
0,汕头港务集团有限公司,6,6,6,6,6,6,7,,,,,,
0,辽源市国有资产经营有限责任公司,9,9,6,6,8,7,5,,,,,,
0,上海世博发展(集团)有限公司,10,5,6,6,10,6,5,,,,,,
0,云南云内动力集团有限公司,4,4,8,6,4,6,7,,,,,,
0,广州开发区工业发展集团有限公司,6,7,7,5,9,8,7,,,,,,
0,云南铝业股份有限公司,6,5,4,6,8,4,7,,,,,,
0,恒大地产集团有限公司(广州),6,6,6,6,6,6,5,,,,,,
0,北京首都国际机场股份有限公司,1,4,6,10,6,9,2,,,,,,
0,四川沱牌舍得集团有限公司,6,6,6,6,6,6,9,,,,,,
0,上海环境集团有限公司,6,6,9,9,8,7,7,,,,,,
0,金茂投资管理(上海)有限公司,6,10,3,5,3,10,8,,,,,,
0,四川禾嘉股份有限公司,4,4,3,10,3,7,4,,,,,,
0,东莞发展控股股份有限公司,9,7,9,9,3,10,5,,,,,,
0,新疆天富能源股份有限公司,3,10,5,6,6,3,9,,,,,,
0,深圳广田集团股份有限公司,6,5,6,5,6,1,7,,,,,,
0,南国置业股份有限公司,9,7,6,10,6,3,10,,,,,,
0,金地(集团)股份有限公司,2,9,6,6,6,8,4,,,,,,
0,山东太阳纸业股份有限公司,7,6,9,7,4,4,4,,,,,,
0,国脉科技股份有限公司,10,4,5,8,3,7,9,,,,,,
0,苏州金螳螂建筑装饰股份有限公司,4,7,3,3,3,1,6,,,,,,
0,青岛金王应用化学股份有限公司,5,6,3,3,3,9,3,,,,,,
0,福建漳州发展股份有限公司,4,6,8,5,8,9,10,,,,,,
0,荣盛房地产发展股份有限公司,9,4,8,4,3,5,8,,,,,,
0,星辉互动娱乐股份有限公司,5,4,3,8,3,4,2,,,,,,
0,深圳华侨城股份有限公司,4,4,5,4,7,4,4,,,,,,
0,广宇集团股份有限公司,6,6,3,3,3,6,9,,,,,,
0,吉林华微电子股份有限公司,7,6,6,6,6,4,5,,,,,,
0,宝胜科技创新股份有限公司,6,6,6,6,5,2,6,,,,,,
0,福建发展高速公路股份有限公司,6,6,4,8,6,10,4,,,,,,
0,北京翠微大厦股份有限公司,7,6,6,6,6,5,5,,,,,,
0,天津天海投资发展股份有限公司,6,4,8,4,9,7,2,,,,,,
0,厦门国贸集团股份有限公司,7,6,8,6,3,2,6,,,,,,
0,新疆天业(集团)有限公司,4,4,8,10,3,8,7,,,,,,
0,江苏中天科技股份有限公司,4,4,6,8,3,6,2,,,,,,
0,舟山交通投资集团有限公司,3,6,4,3,3,5,6,,,,,,
0,康得新复合材料集团股份有限公司,6,4,3,3,3,5,2,,,,,,
0,温州市交通投资集团有限公司,3,7,3,3,3,6,8,,,,,,
0,广汇能源股份有限公司,7,4,4,6,4,8,10,,,,,,
0,重庆市水利投资(集团)有限公司,5,4,4,4,5,10,6,,,,,,
0,重庆商业投资集团有限公司,6,6,6,6,6,6,8,,,,,,
0,中信国安葡萄酒业股份有限公司,6,4,9,8,7,9,5,,,,,,
0,上海浦东现代产业开发有限公司,6,6,6,8,3,6,6,,,,,,
0,上海新金山工业投资发展有限公司,6,10,3,3,3,10,,,,,,,
0,西部矿业股份有限公司,4,6,6,4,10,10,8,,,,,,
0,新疆城建(集团)股份有限公司,6,7,9,5,8,8,10,,,,,,
0,江苏爱康科技股份有限公司,10,8,8,10,3,6,9,,,,,,
0,华邦生命健康股份有限公司,8,4,9,7,9,5,2,,,,,,
0,南通城市建设集团有限公司,5,6,3,3,3,9,6,,,,,,
0,福建龙洲运输股份有限公司,7,6,10,6,4,8,7,,,,,,
0,立讯精密工业股份有限公司,6,4,3,4,3,4,2,,,,,,
0,贵阳市城市发展投资(集团)股份有限公司,10,4,6,6,6,8,8,,,,,,
0,唐山港口实业集团有限公司,6,6,6,6,6,6,2,,,,,,
0,江苏井神盐化股份有限公司,6,4,10,7,8,7,7,,,,,,
0,通裕重工股份有限公司,8,4,8,4,3,3,6,,,,,,
0,湖南电广传媒股份有限公司,4,4,5,10,6,5,6,,,,,,
0,上海世纪出版(集团)有限公司,6,6,6,6,6,6,5,,,,,,
0,新兴铸管股份有限公司,7,4,5,6,3,2,7,,,,,,
0,常熟风范电力设备股份有限公司,6,4,3,3,6,7,5,,,,,,
0,浙江菲达环保科技股份有限公司,6,6,10,10,6,3,4,,,,,,
0,特变电工股份有限公司,8,4,6,8,6,2,6,,,,,,
0,新余钢铁股份有限公司,8,4,8,7,10,8,9,,,,,,
0,深圳市铁汉生态环境股份有限公司,5,5,3,3,3,4,4,,,,,,
0,宁波原水集团有限公司,1,4,3,9,3,6,6,,,,,,
0,山东三星集团有限公司,7,7,6,6,6,2,7,,,,,,
0,渤海金控投资股份有限公司,10,10,6,6,3,4,3,,,,,,
0,新疆富丽达纤维有限公司,2,4,8,10,9,8,5,,,,,,
0,江苏省广电有线信息网络股份有限公司,1,5,7,7,6,2,2,,,,,,
0,银江股份有限公司,4,6,9,6,3,2,5,,,,,,
0,锦州港股份有限公司,4,6,6,10,7,8,8,,,,,,
0,中国建筑股份有限公司,3,6,3,4,5,1,5,,,,,,
0,凌云工业股份有限公司,6,6,6,6,6,6,3,,,,,,
0,义乌市市场发展集团有限公司,7,9,3,3,3,6,4,,,,,,
0,江苏阳光股份有限公司,1,6,6,6,6,9,5,,,,,,
0,深圳欧菲光科技股份有限公司,2,4,3,3,3,8,8,,,,,,
0,华北高速公路股份有限公司,2,4,7,9,3,9,5,,,,,,
0,新华联文化旅游发展股份有限公司,10,4,7,6,10,8,7,,,,,,
0,北京电子城投资开发集团股份有限公司,2,6,7,7,8,8,2,,,,,,
0,重庆长安汽车股份有限公司,2,4,6,6,6,6,2,,,,,,
0,湖北福星科技股份有限公司,6,4,6,6,6,6,5,,,,,,
0,深圳市爱施德股份有限公司,6,4,6,6,6,6,6,,,,,,
0,暴风集团股份有限公司,5,4,10,9,8,6,3,,,,,,
0,中炬高新技术实业(集团)股份有限公司,7,4,3,3,3,8,4,,,,,,
0,际华集团股份有限公司,7,4,5,4,6,4,6,,,,,,
0,瀚华金控股份有限公司,6,10,3,6,3,6,,,,,,,
0,格力地产股份有限公司,8,4,3,4,3,6,1,,,,,,
0,国家电网公司,3,5,3,3,3,6,6,,,,,,
0,上海上实(集团)有限公司,6,6,6,6,5,6,5,,,,,,
0,苏州市轨道交通集团有限公司,6,4,6,6,3,9,8,,,,,,
0,当代节能置业股份有限公司,9,10,6,6,3,3,3,,,,,,
0,中合中小企业融资担保股份有限公司,1,4,10,3,6,6,3,,,,,,
0,江苏康缘药业股份有限公司,5,6,7,9,7,3,1,,,,,,
0,南京医药股份有限公司,8,4,5,5,4,2,7,,,,,,
0,山东新华医疗器械股份有限公司,4,4,6,6,6,2,8,,,,,,
0,杭萧钢构股份有限公司,8,6,3,6,3,6,4,,,,,,
0,北京高能时代环境技术股份有限公司,1,6,9,4,5,6,6,,,,,,
0,巨轮智能装备股份有限公司,6,4,5,6,3,5,8,,,,,,
0,河南黄河旋风股份有限公司,3,4,4,8,4,6,3,,,,,,
0,北汽福田汽车股份有限公司,6,4,9,10,8,6,6,,,,,,
0,新湖中宝股份有限公司,10,6,3,6,6,6,6,,,,,,
0,长江精工钢结构(集团)股份有限公司,6,4,7,8,7,2,7,,,,,,
0,西藏城市发展投资股份有限公司,10,6,6,6,4,10,6,,,,,,
0,瑞茂通供应链管理股份有限公司,7,6,6,6,3,6,5,,,,,,
0,龙源电力集团股份有限公司,6,4,7,10,5,7,4,,,,,,
0,新疆中泰(集团)有限责任公司,9,8,6,8,3,5,9,,,,,,
0,北京碧水源科技股份有限公司,1,4,9,9,8,6,1,,,,,,
0,东华能源股份有限公司,10,8,3,4,4,6,6,,,,,,
0,现代牧业(集团)有限公司,9,4,10,8,9,8,9,,,,,,
0,深圳能源集团股份有限公司,8,6,10,8,7,9,7,,,,,,
0,河南新野纺织股份有限公司,9,9,6,3,3,1,7,,,,,,
0,四川路桥建设集团股份有限公司,5,4,10,7,8,6,6,,,,,,
0,芜湖长信科技股份有限公司,5,4,3,4,3,3,1,,,,,,
0,福建闽东电力股份有限公司,9,9,8,3,3,6,8,,,,,,
0,北京东方园林生态股份有限公司,5,4,3,5,3,6,8,,,,,,
0,龙元建设集团股份有限公司,3,7,6,6,3,2,9,,,,,,
0,保利房地产(集团)股份有限公司,1,6,6,6,6,6,3,,,,,,
0,湖北凯乐科技股份有限公司,9,4,6,5,9,6,4,,,,,,
0,龙光基业集团有限公司,5,4,3,3,3,10,6,,,,,,
0,京能置业股份有限公司,6,6,6,6,3,10,6,,,,,,
0,中油金鸿能源投资股份有限公司,6,6,7,3,7,6,8,,,,,,
0,航天工业发展股份有限公司,2,6,10,9,3,4,2,,,,,,
0,厦门合兴包装印刷股份有限公司,5,7,3,3,3,3,5,,,,,,
0,广州杰赛科技股份有限公司,5,4,4,5,7,2,7,,,,,,
0,华油惠博普科技股份有限公司,6,7,3,3,5,8,4,,,,,,
0,聚龙股份有限公司,2,6,6,9,6,8,3,,,,,,
0,天津金硕信息科技集团股份有限公司,6,4,6,6,6,8,2,,,,,,
0,深圳市宝鹰建设控股集团股份有限公司,5,4,3,3,6,1,4,,,,,,
0,上海隧道工程股份有限公司,2,4,8,6,8,4,6,,,,,,
0,宁波杉杉股份有限公司,6,6,4,6,6,2,2,,,,,,
0,漳州片仔癀药业股份有限公司,1,6,10,10,9,7,2,,,,,,
0,同益实业集团有限公司,10,8,9,9,6,3,3,,,,,,
0,北京蓝色光标品牌管理顾问股份有限公司,5,8,4,4,4,4,10,,,,,,
0,黄山旅游发展股份有限公司,1,6,5,6,7,2,1,,,,,,
0,国机汽车股份有限公司,4,4,6,4,3,7,7,,,,,,
0,昆山国创投资集团有限公司,6,6,6,6,6,4,9,,,,,,
0,贵州高速公路投资有限公司,3,8,9,5,7,8,8,,,,,,
0,江苏省金陵建工集团有限公司,5,7,6,6,6,5,5,,,,,,
0,湖南友谊阿波罗商业股份有限公司,9,4,3,5,10,5,8,,,,,,
0,张家港保税科技股份有限公司,6,6,6,6,6,6,8,,,,,,
0,北京中科金财科技股份有限公司,5,8,7,3,5,7,1,,,,,,
0,哈尔滨电气股份有限公司,2,4,3,6,3,1,7,,,,,,
0,卧龙地产集团股份有限公司,6,10,7,4,6,8,9,,,,,,
0,国电电力发展股份有限公司,4,5,7,10,4,7,6,,,,,,
0,天士力控股集团有限公司,5,8,4,4,3,6,7,,,,,,
0,桐昆集团股份有限公司,6,4,4,6,3,5,9,,,,,,
0,中化国际(控股)股份有限公司,6,5,4,7,6,3,5,,,,,,
0,中国电信股份有限公司,1,4,9,9,6,1,4,,,,,,
0,华能新能源股份有限公司,6,6,3,8,3,6,5,,,,,,
0,内蒙古君正能源化工集团股份有限公司,3,8,3,3,3,6,3,,,,,,
0,江苏吴江中国东方丝绸市场股份有限公司,7,7,3,5,6,6,6,,,,,,
0,新疆众和股份有限公司,3,6,8,6,7,5,4,,,,,,
0,北京京客隆商业集团股份有限公司,6,6,6,6,3,6,9,,,,,,
0,上海强生控股股份有限公司,2,4,4,5,6,2,4,,,,,,
0,深圳市科陆电子科技股份有限公司,8,5,3,4,3,2,8,,,,,,
0,广东南洋电缆集团股份有限公司,4,4,3,3,3,3,5,,,,,,
0,深圳市沃尔核材股份有限公司,9,4,8,9,7,2,2,,,,,,
0,青岛双星股份有限公司,6,9,3,3,3,3,9,,,,,,
0,天顺风能(苏州)股份有限公司,6,4,3,5,3,8,3,,,,,,
0,北京光线传媒股份有限公司,6,5,8,3,8,8,1,,,,,,
0,通威股份有限公司,3,7,8,4,3,2,4,,,,,,
0,浙江尖峰集团股份有限公司,9,9,3,5,3,2,5,,,,,,
0,无锡市太极实业股份有限公司,9,4,10,5,9,6,4,,,,,,
0,上海嘉宝实业(集团)股份有限公司,6,6,10,3,3,6,6,,,,,,
0,泸州市工业投资集团有限公司,5,8,6,6,3,8,9,,,,,,
0,广东省联泰集团有限公司,10,7,6,6,3,8,3,,,,,,
0,泰豪科技股份有限公司,7,8,5,5,6,2,4,,,,,,
0,浙江省交通投资集团有限公司,10,7,3,3,8,6,8,,,,,,
0,陕西省天然气股份有限公司,6,6,6,6,6,6,3,,,,,,
0,广东万家乐股份有限公司,5,4,3,3,3,3,4,,,,,,
0,北京昆仑万维科技股份有限公司,3,4,6,3,5,7,5,,,,,,
0,北京大北农科技集团股份有限公司,3,6,6,6,3,1,3,,,,,,
0,广州恒运企业集团股份有限公司,1,6,4,3,3,9,7,,,,,,
0,北京京能电力股份有限公司,6,6,6,6,6,6,2,,,,,,
0,上海张江高科技园区开发股份有限公司,2,6,7,6,8,7,5,,,,,,
0,阳泉煤业(集团)股份有限公司,1,4,10,10,9,5,10,,,,,,
0,北京华联商厦股份有限公司,9,7,3,8,10,9,4,,,,,,
0,河北建投能源投资股份有限公司,6,4,6,5,4,10,3,,,,,,
0,重庆宗申动力机械股份有限公司,5,4,10,8,8,7,4,,,,,,
0,上海金桥出口加工区开发股份有限公司,3,4,3,6,3,6,6,,,,,,
0,山东南山铝业股份有限公司,5,4,6,10,4,6,5,,,,,,
0,厦门信达股份有限公司,6,4,6,7,3,6,7,,,,,,
0,上海中城联盟投资管理股份有限公司,8,4,7,4,5,8,6,,,,,,
0,中国康富国际租赁股份有限公司,7,4,3,10,3,10,3,,,,,,
0,宁波港股份有限公司,6,4,9,9,7,4,5,,,,,,
0,华新水泥股份有限公司,3,5,6,4,7,3,9,,,,,,
0,钱江水利开发股份有限公司,2,5,3,3,3,5,8,,,,,,
0,中建西部建设股份有限公司,4,6,10,7,9,4,6,,,,,,
0,华工科技产业股份有限公司,6,4,5,6,4,6,5,,,,,,
0,福建东百集团股份有限公司,9,4,4,7,3,3,8,,,,,,
0,北京四方继保自动化股份有限公司,2,4,3,5,5,2,4,,,,,,
0,乐普(北京)医疗器械股份有限公司,7,5,3,3,4,2,5,,,,,,
0,山东黄金矿业股份有限公司,2,4,5,8,9,8,7,,,,,,
0,孚日集团股份有限公司,9,4,5,5,4,5,3,,,,,,
0,浙江仙琚制药股份有限公司,6,7,4,6,3,3,2,,,,,,
0,四川雅化实业集团股份有限公司,1,5,9,9,6,3,5,,,,,,
0,深圳市燃气集团股份有限公司,5,4,5,3,7,2,5,,,,,,
0,澳柯玛股份有限公司,9,4,6,10,3,5,8,,,,,,
0,吉视传媒股份有限公司,1,4,5,6,6,1,4,,,,,,
0,四川成渝高速公路股份有限公司,10,4,9,7,10,8,7,,,,,,
0,奥瑞金包装股份有限公司,5,4,9,7,6,7,4,,,,,,
0,棕榈生态城镇发展股份有限公司,3,4,8,3,7,2,10,,,,,,
0,泛海控股股份有限公司,10,9,4,6,4,1,6,,,,,,
0,天地源股份有限公司,9,10,3,8,6,9,9,,,,,,
0,四川蓝光发展股份有限公司,10,7,3,3,3,1,5,,,,,,
0,安泰科技股份有限公司,2,4,9,8,7,2,6,,,,,,
0,许继电气股份有限公司,2,4,10,9,10,7,6,,,,,,
0,江西万年青水泥股份有限公司,9,4,5,4,3,2,9,,,,,,
0,湖南黄金股份有限公司,3,4,9,9,6,7,9,,,,,,
0,奥飞娱乐股份有限公司,2,5,3,5,4,3,4,,,,,,
0,江苏中超控股股份有限公司,8,5,5,5,4,1,9,,,,,,
0,北京金一文化发展股份有限公司,8,4,4,3,3,4,5,,,,,,
0,甘肃电投能源发展股份有限公司,4,4,3,9,3,10,10,,,,,,
0,阳光城集团股份有限公司,10,4,3,3,3,3,5,,,,,,
0,深圳天源迪科信息技术股份有限公司,8,4,5,6,5,4,7,,,,,,
0,中国铁建股份有限公司,6,5,5,3,5,1,5,,,,,,
0,广西桂冠电力股份有限公司,4,6,3,7,3,10,1,,,,,,
0,重庆水务集团股份有限公司,1,4,8,5,9,9,1,,,,,,
0,上海电气集团股份有限公司,1,4,8,9,5,3,5,,,,,,
0,江苏凤凰置业投资股份有限公司,1,10,3,3,3,6,10,,,,,,
0,内蒙古伊泰煤炭股份有限公司,1,4,7,8,3,6,10,,,,,,
0,北京北辰实业股份有限公司,1,9,3,3,3,6,8,,,,,,
0,昆药集团股份有限公司,5,4,4,5,4,3,1,,,,,,
0,北京信中利投资股份有限公司,7,6,8,6,9,10,,,,,,,
0,中安消股份有限公司,7,4,5,3,5,3,7,,,,,,
0,苏州普滤得净化股份有限公司,3,8,10,3,9,8,2,,,,,,
0,鑫苑(中国)置业有限公司,9,8,3,3,3,3,5,,,,,,
0,广州珠江实业开发股份有限公司,1,10,3,10,3,9,5,,,,,,
0,中国石油化工股份有限公司,6,5,9,9,9,6,3,,,,,,
0,中国中车股份有限公司,3,4,7,7,6,7,2,,,,,,
0,兖州煤业股份有限公司,3,4,8,6,9,6,9,,,,,,
0,巨石集团有限公司,9,4,8,8,5,1,2,,,,,,
0,四川科伦药业股份有限公司,5,4,9,7,8,5,9,,,,,,
0,江苏宏图高科技股份有限公司,9,5,6,6,4,6,6,,,,,,
0,北京顺鑫农业股份有限公司,6,4,3,5,3,9,5,,,,,,
0,上海复星医药(集团)股份有限公司,3,4,9,7,8,3,2,,,,,,
0,大唐国际发电股份有限公司,4,6,6,9,5,6,6,,,,,,
0,神州数码信息服务股份有限公司,2,4,6,8,5,3,5,,,,,,
0,浙江中国小商品城集团股份有限公司,7,9,3,3,3,6,3,,,,,,
0,北京首创股份有限公司,2,7,6,4,3,5,6,,,,,,
0,广西桂东电力股份有限公司,7,5,6,5,9,5,5,,,,,,
0,山东胜通集团股份有限公司,7,10,3,3,3,3,5,,,,,,
0,中国葛洲坝集团股份有限公司,8,5,7,5,6,2,8,,,,,,
0,中海油田服务股份有限公司,1,4,8,9,10,9,10,,,,,,
0,株洲时代新材料科技股份有限公司,1,4,9,4,7,4,2,,,,,,
0,辽宁成大股份有限公司,3,4,3,3,3,5,8,,,,,,
0,上海国际港务(集团)股份有限公司,3,4,5,6,6,2,2,,,,,,
0,TCL集团股份有限公司,8,4,6,6,6,3,7,,,,,,
0,天士力制药集团股份有限公司,5,4,5,6,4,2,3,,,,,,
0,江西赣粤高速公路股份有限公司,1,4,3,10,10,9,6,,,,,,
0,西部金属材料股份有限公司,4,4,7,7,7,4,10,,,,,,
0,海南矿业股份有限公司,5,6,5,3,7,9,10,,,,,,
0,深圳赤湾港航股份有限公司,1,4,7,7,7,7,1,,,,,,
0,江苏宁沪高速公路股份有限公司,8,6,5,9,8,8,6,,,,,,
0,河南有线电视网络集团有限公司,1,4,8,3,8,7,7,,,,,,
0,湖南机场股份有限公司,1,4,8,6,3,1,8,,,,,,
0,佛山市国星光电股份有限公司,3,5,6,3,8,4,4,,,,,,
0,海南海航基础设施投资集团股份有限公司,10,4,9,6,10,7,5,,,,,,
0,紫金矿业集团股份有限公司,1,6,6,7,5,5,8,,,,,,
0,广州市香雪制药股份有限公司,3,4,9,5,3,6,2,,,,,,
0,山东高速股份有限公司,6,4,8,10,7,6,1,,,,,,
0,美的集团股份有限公司,1,4,3,3,3,1,2,,,,,,
0,上海建工集团股份有限公司,7,7,5,6,5,1,6,,,,,,
0,北京空港科技园区股份有限公司,6,4,3,7,6,8,8,,,,,,
0,宏润建设集团股份有限公司,9,4,6,3,3,5,6,,,,,,
0,国电南京自动化股份有限公司,3,6,10,7,9,3,5,,,,,,
0,中百控股集团股份有限公司,3,4,3,4,3,5,9,,,,,,
0,广州汽车集团股份有限公司,4,4,8,10,9,6,1,,,,,,
0,华闻传媒投资集团股份有限公司,4,4,6,9,4,3,3,,,,,,
0,南京栖霞建设股份有限公司,2,8,3,6,3,6,3,,,,,,
0,中粮地产(集团)股份有限公司,9,4,4,4,5,2,7,,,,,,
0,信达地产股份有限公司,9,4,4,3,5,2,8,,,,,,
0,江苏维尔利环保科技股份有限公司,3,4,3,7,3,6,6,,,,,,
0,北京城建投资发展股份有限公司,7,4,3,10,7,7,5,,,,,,
0,王府井集团股份有限公司,6,6,4,3,3,8,3,,,,,,
0,北京巴士传媒股份有限公司,6,4,6,5,3,8,6,,,,,,
0,冠城大通股份有限公司,8,5,4,3,5,5,6,,,,,,
0,华电国际电力股份有限公司,4,4,5,10,4,8,2,,,,,,
0,大连港股份有限公司,6,6,8,7,7,7,6,,,,,,
0,中国中材国际工程股份有限公司,6,4,7,6,8,2,3,,,,,,
0,中国南玻集团股份有限公司,1,4,5,3,6,5,8,,,,,,
0,丽珠医药集团股份有限公司,2,4,6,9,5,2,1,,,,,,
0,喜临门家具股份有限公司,9,4,3,3,3,4,3,,,,,,
0,中材科技股份有限公司,6,8,7,9,7,8,6,,,,,,
0,海南航空股份有限公司,10,8,8,9,8,7,4,,,,,,
0,广东水电二局股份有限公司,2,4,9,4,7,4,7,,,,,,
0,洛阳栾川钼业集团股份有限公司,6,5,6,3,3,7,7,,,,,,
0,国家电投集团远达环保股份有限公司,4,4,10,9,10,3,3,,,,,,
0,中国天楹股份有限公司,6,4,3,6,3,8,8,,,,,,
0,中国神华能源股份有限公司,3,4,4,9,4,3,6,,,,,,
0,甘肃祁连山水泥集团股份有限公司,6,4,4,8,5,3,9,,,,,,
0,北京嘉寓门窗幕墙股份有限公司,3,5,3,3,3,1,8,,,,,,
0,欣旺达电子股份有限公司,7,4,3,4,3,8,2,,,,,,
0,东江环保股份有限公司,6,4,8,7,7,8,6,,,,,,
0,郴州市金贵银业股份有限公司,10,4,6,6,6,10,7,,,,,,
0,华域汽车系统股份有限公司,6,4,10,10,10,6,3,,,,,,
0,盛屯矿业集团股份有限公司,9,4,3,3,9,7,8,,,,,,
0,中铁铁龙集装箱物流股份有限公司,2,6,7,6,3,5,7,,,,,,
0,上海市北高新股份有限公司,10,4,8,9,6,9,4,,,,,,
0,老百姓大药房连锁股份有限公司,5,4,3,5,3,4,2,,,,,,
0,华谊兄弟传媒股份有限公司,3,6,3,7,6,6,4,,,,,,
0,中国石油天然气股份有限公司,1,4,9,10,8,6,7,,,,,,
0,北京金隅股份有限公司,8,4,5,5,5,2,7,,,,,,
0,安徽海螺水泥股份有限公司,2,5,5,7,7,5,6,,,,,,
0,中国国际贸易中心股份有限公司,6,6,6,7,3,1,2,,,,,,
0,宁夏建材集团股份有限公司,2,4,4,8,3,2,9,,,,,,
0,华能国际电力股份有限公司,2,6,5,10,3,5,2,,,,,,
0,中信国安信息产业股份有限公司,4,4,10,7,7,5,4,,,,,,
0,上海大屯能源股份有限公司,6,4,7,8,9,8,8,,,,,,
0,现代投资股份有限公司,6,10,3,5,10,8,5,,,,,,
0,中国中煤能源股份有限公司,6,6,8,10,8,1,10,,,,,,
0,天津红日药业股份有限公司,2,4,6,6,6,4,2,,,,,,
0,印纪娱乐传媒股份有限公司,1,4,3,3,3,6,1,,,,,,
0,上海世茂股份有限公司,7,8,4,5,6,6,4,,,,,,
0,中信重工机械股份有限公司,3,4,8,5,7,4,9,,,,,,
0,中飞租融资租赁有限公司,2,6,6,6,3,6,,,,,,,
0,营口港务股份有限公司,1,4,8,10,9,8,3,,,,,,
0,上海陆家嘴金融贸易区开发股份有限公司,6,4,5,5,3,7,5,,,,,,
0,浙江棒杰数码针织品股份有限公司,7,4,3,3,3,7,3,,,,,,
0,佛山华新包装股份有限公司,5,4,7,9,6,4,4,,,,,,
0,浙江盾安人工环境股份有限公司,7,9,4,8,5,3,8,,,,,,
0,芜湖海螺型材科技股份有限公司,2,4,5,4,6,2,3,,,,,,
0,昆明云内动力股份有限公司,4,4,4,6,4,6,6,,,,,,
0,大唐高鸿数据网络技术股份有限公司,2,4,5,4,3,5,5,,,,,,
0,福耀玻璃工业集团股份有限公司,1,4,5,8,4,2,1,,,,,,
0,华北制药股份有限公司,2,5,6,5,8,2,8,,,,,,
0,上海飞乐音响股份有限公司,2,4,7,4,6,5,5,,,,,,
0,深圳高速公路股份有限公司,10,6,6,6,9,9,6,,,,,,
0,上海医药集团股份有限公司,4,4,6,8,5,1,5,,,,,,
0,中国铝业股份有限公司,5,5,9,8,9,5,6,,,,,,
0,厦门港务发展股份有限公司,2,4,7,7,7,3,3,,,,,,
0,中国巨石股份有限公司,9,4,9,9,5,1,1,,,,,,
0,浙江众合科技股份有限公司,8,6,7,7,8,6,8,,,,,,
0,南京公用发展股份有限公司,3,4,5,7,4,1,5,,,,,,
0,重庆港九股份有限公司,5,4,8,8,6,6,7,,,,,,
0,泰禾集团股份有限公司,10,4,3,3,3,1,3,,,,,,
0,华东医药股份有限公司,4,4,3,5,3,1,4,,,,,,
0,中房地产股份有限公司,9,4,3,4,6,6,9,,,,,,
0,乐视网信息技术(北京)股份有限公司,1,6,9,10,8,1,7,,,,,,
0,鲁商置业股份有限公司,9,4,5,8,3,10,9,,,,,,
0,天津港股份有限公司,4,4,7,9,7,3,3,,,,,,
0,海洋石油工程股份有限公司,2,4,10,9,10,9,2,,,,,,
0,越秀交通基建有限公司,6,4,6,6,6,10,8,,,,,,
0,中储发展股份有限公司,4,6,5,3,3,6,3,,,,,,
0,北京三聚环保新材料股份有限公司,1,4,3,7,3,7,1,,,,,,
0,上海莱士血液制品股份有限公司,1,4,6,5,8,7,1,,,,,,
0,博彦科技股份有限公司,7,5,5,3,4,5,,,,,,,
0,甘肃刚泰控股(集团)股份有限公司,5,4,7,5,3,10,4,,,,,,
0,佛山佛塑科技集团股份有限公司,6,4,8,6,5,2,4,,,,,,
0,丽江玉龙旅游股份有限公司,1,4,8,3,8,8,1,,,,,,
0,江苏华西村股份有限公司,3,4,3,7,3,7,2,,,,,,
0,浙江南都电源动力股份有限公司,6,4,3,8,3,7,5,,,,,,
0,浙江嘉化能源化工股份有限公司,5,6,10,5,8,8,3,,,,,,
0,万科企业股份有限公司,2,4,3,3,3,3,2,,,,,,
0,安徽水利开发股份有限公司,7,4,6,8,4,6,5,,,,,,
0,上海国际机场股份有限公司,1,4,7,5,7,6,1,,,,,,
0,华润三九医药股份有限公司,3,4,9,6,7,1,1,,,,,,
0,重庆渝开发股份有限公司,10,4,8,5,7,8,9,,,,,,
0,安徽省司尔特肥业股份有限公司,1,4,3,8,3,7,1,,,,,,
0,湖北兴发化工集团股份有限公司,9,6,7,9,10,2,9,,,,,,
0,万华化学集团股份有限公司,10,7,8,8,5,2,8,,,,,,
0,苏州新区高新技术产业股份有限公司,8,4,3,5,3,6,7,,,,,,
0,深圳市新纶科技股份有限公司,7,4,4,4,5,4,10,,,,,,
0,江苏金智科技股份有限公司,5,4,6,8,3,5,6,,,,,,
0,宁波热电股份有限公司,4,4,7,8,7,7,8,,,,,,
0,苏州方林科技股份有限公司,3,4,3,5,3,7,1,,,,,,
0,人福医药集团股份公司,5,5,3,5,3,4,4,,,,,,
0,上海浦东路桥建设股份有限公司,1,4,9,4,7,7,4,,,,,,
0,成都市新都化工股份有限公司,6,4,6,3,8,4,6,,,,,,
0,浙江万里扬股份有限公司,7,4,5,3,4,8,7,,,,,,
0,成都市兴蓉环境股份有限公司,4,4,4,8,4,7,4,,,,,,
1,彩虹集团公司,6,6,10,8,9,6,9,,,,,,
1,广西北部湾国际港务集团有限公司,6,4,6,6,6,5,9,,,,,,
1,海航机场控股(集团)有限公司,6,8,10,9,10,6,6,,,,,,
1,河南神火集团有限公司,6,9,7,6,4,8,10,,,,,,
1,湖南省高速公路建设开发总公司,1,4,10,6,10,10,4,,,,,,
1,华油天然气股份有限公司,1,6,9,9,3,6,10,,,,,,
1,淮北矿业股份有限公司,1,4,7,7,6,5,10,,,,,,
1,内蒙古鄂尔多斯羊绒集团有限责任公司,6,8,7,8,6,2,10,,,,,,
1,天脊煤化工集团股份有限公司,6,7,7,9,8,4,9,,,,,,
1,义马煤业集团股份有限公司,6,8,8,4,9,7,10,,,,,,
1,黄石哈特贝尔精密锻造有限公司,6,6,6,6,6,10,8,,,,,,
1,冀中能源邯郸矿业集团有限公司,6,6,6,6,8,4,8,,,,,,
1,柳州化工股份有限公司,6,4,9,8,9,7,10,,,,,,
1,内蒙古博源控股集团有限公司,6,8,6,3,6,5,9,,,,,,
1,内蒙古高新控股有限公司,1,10,6,6,10,10,5,,,,,,
1,宁夏上陵实业(集团)有限公司,5,8,6,6,3,7,6,,,,,,
1,三一集团有限公司,3,6,3,3,6,6,8,,,,,,
1,山西煤炭进出口集团有限公司,4,6,3,3,5,3,9,,,,,,
1,沈阳机床(集团)有限责任公司,7,6,3,3,3,2,10,,,,,,
1,四川省煤炭产业集团有限责任公司,2,8,6,6,6,6,10,,,,,,
1,太原重型机械集团有限公司,4,8,3,6,3,1,10,,,,,,
1,铁法煤业(集团)有限责任公司,2,7,10,9,9,2,10,,,,,,
1,铁岭新城投资控股股份有限公司,6,4,6,8,6,10,10,,,,,,
1,西部矿业集团有限公司,6,6,5,4,9,7,10,,,,,,
1,新疆生产建设兵团第六师国有资产经营有限责任公司,3,6,6,6,4,8,9,,,,,,
1,新汶矿业集团有限责任公司,6,4,10,10,10,8,10,,,,,,
1,徐工集团工程机械有限公司,5,6,5,9,8,2,9,,,,,,
1,远东控股集团有限公司,9,6,7,3,4,6,7,,,,,,
1,云南沃森生物技术股份有限公司,5,4,6,6,6,6,10,,,,,,
1,郑州煤炭工业(集团)有限责任公司,3,8,6,6,6,4,10,,,,,,
1,中国盐业总公司,7,6,6,6,6,5,9,,,,,,
1,中国冶金科工集团有限公司,5,6,6,4,5,2,6,,,,,,
1,安徽淮海实业发展集团有限公司,6,10,6,5,7,5,8,,,,,,
1,宝钢集团新疆八一钢铁有限公司,3,5,8,8,9,5,10,,,,,,
1,北京昊华能源股份有限公司,3,4,8,9,8,8,10,,,,,,
1,本钢板材股份有限公司,6,4,9,10,9,8,10,,,,,,
1,彬县煤炭有限责任公司,3,10,6,6,6,9,10,,,,,,
1,大同煤业股份有限公司,2,6,9,10,9,6,10,,,,,,
1,福建省轻纺(控股)有限责任公司,8,5,6,7,5,6,8,,,,,,
1,甘肃省国有资产投资集团有限公司,4,4,6,6,6,6,10,,,,,,
1,广东明阳风电产业集团有限公司,6,6,6,8,6,3,4,,,,,,
1,广东省广新控股集团有限公司,7,4,8,7,7,2,9,,,,,,
1,广梅汕铁路有限责任公司,8,6,8,9,10,8,9,,,,,,
1,广州市建设投资发展有限公司,6,6,10,7,10,9,5,,,,,,
1,贵州水城矿业股份有限公司,6,6,6,6,6,6,9,,,,,,
1,国奥投资发展有限公司,1,10,6,6,6,6,10,,,,,,
1,国电科技环保集团股份有限公司,5,6,10,9,9,6,,,,,,,
1,国广环球传媒控股有限公司,4,4,4,7,4,2,6,,,,,,
1,国家电投集团贵州金元股份有限公司,6,5,6,6,6,6,10,,,,,,
1,国投新集能源股份有限公司,5,6,9,8,8,6,10,,,,,,
1,哈尔滨投资集团有限责任公司,2,6,5,7,6,5,2,,,,,,
1,汉江水利水电(集团)有限责任公司,3,6,6,6,6,5,3,,,,,,
1,河南豫光金铅集团有限责任公司,1,10,3,6,8,9,8,,,,,,
1,陕西汽车集团有限责任公司,7,4,6,10,10,8,10,,,,,,
1,上海紫江企业集团股份有限公司,5,6,6,7,5,2,7,,,,,,
1,沈阳焦煤股份有限公司,4,6,8,9,9,6,8,,,,,,
1,天津钢管集团股份有限公司,7,10,5,7,6,4,9,,,,,,
1,永泰能源股份有限公司,8,7,6,6,6,6,4,,,,,,
1,浙江日月首饰集团有限公司,6,5,7,6,4,6,9,,,,,,
1,重庆化医控股(集团)公司,8,6,10,10,3,6,7,,,,,,
1,安徽省皖北煤电集团有限责任公司,4,4,6,6,6,3,10,,,,,,
1,北京利尔高温材料股份有限公司,4,6,4,3,6,3,10,,,,,,
1,保定天威保变电气股份有限公司,6,9,6,8,6,4,9,,,,,,
1,北京京城机电控股有限责任公司,2,4,6,7,5,2,9,,,,,,
1,广东肇庆星湖生物科技股份有限公司,10,8,3,3,6,5,10,,,,,,
1,广东志高空调有限公司,6,6,9,6,8,5,10,,,,,,
1,江苏中泰桥梁钢构股份有限公司,8,6,6,9,6,5,9,,,,,,
1,江西稀有金属钨业控股集团有限公司,4,10,9,8,8,7,9,,,,,,
1,绿地控股集团有限公司,10,5,3,6,5,6,7,,,,,,
1,平顶山天安煤业股份有限公司,6,7,6,6,10,6,10,,,,,,
1,山西兰花科技创业股份有限公司,4,6,7,8,8,6,9,,,,,,
1,山西煤炭运销集团有限公司,4,4,3,3,6,5,10,,,,,,
1,深圳市新南山控股(集团)股份有限公司,2,6,4,5,6,6,1,,,,,,
1,深圳市怡亚通供应链股份有限公司,9,6,6,6,6,1,6,,,,,,
1,云南煤业能源股份有限公司,4,4,6,9,6,9,10,,,,,,
1,中国昊华化工集团股份有限公司,2,6,6,6,6,6,9,,,,,,
1,福建圣农发展股份有限公司,2,6,9,4,9,6,9,,,,,,
1,阜新矿业(集团)有限责任公司,4,8,6,6,6,6,10,,,,,,
1,河南省国有资产控股运营集团有限公司,2,9,6,6,6,3,9,,,,,,
1,潞安新疆煤化工(集团)有限公司,6,6,6,6,6,8,10,,,,,,
1,上海美特斯邦威服饰股份有限公司,8,4,7,6,8,4,10,,,,,,
1,泰格林纸集团股份有限公司,6,6,6,9,6,2,10,,,,,,
1,阳城县阳泰集团实业有限公司,7,6,6,6,4,6,10,,,,,,
1,贵州轮胎股份有限公司,8,4,6,7,6,3,10,,,,,,
1,东莞勤上光电股份有限公司,3,4,6,4,7,6,4,,,,,,
1,广州毅昌科技股份有限公司,5,4,4,8,5,7,8,,,,,,
1,江苏阳光集团有限公司,2,7,9,4,8,2,2,,,,,,
1,江西正邦科技股份有限公司,3,4,8,4,3,1,3,,,,,,
1,庞大汽贸集团股份有限公司,10,4,5,9,6,4,8,,,,,,
1,软控股份有限公司,3,6,3,7,4,5,4,,,,,,
1,上海嘉麟杰纺织品股份有限公司,2,4,6,6,4,9,10,,,,,,
1,中利科技集团股份有限公司,9,10,9,8,9,4,6,,,,,,
1,洲际油气股份有限公司,9,10,8,3,8,10,10,,,,,,
1,广东东方锆业科技股份有限公司,9,6,3,3,3,6,10,,,,,,
1,好想你枣业股份有限公司,3,6,6,6,6,4,9,,,,,,
1,亚夏汽车股份有限公司,10,4,3,3,4,3,8,,,,,,
1,杭州前进齿轮箱集团股份有限公司,5,6,6,3,6,6,10,,,,,,
1,江苏鹿港文化股份有限公司,6,4,6,6,6,6,4,,,,,,
1,内蒙古包钢钢联股份有限公司,6,4,9,9,9,7,10,,,,,,
1,河南神火煤电股份有限公司,7,4,7,7,5,8,10,,,,,,
1,中国船舶燃料有限责任公司,1,10,10,9,8,1,4,,,,,,
1,湖南盈德气体有限公司,4,8,9,9,6,8,6,,,,,,
1,杨凌本香农业产业集团有限公司,6,6,6,6,6,6,2,,,,,,
1,浙江康盛股份有限公司,9,6,5,4,6,7,3,,,,,,
1,安源煤业集团股份有限公司,4,10,9,9,8,7,10,,,,,,
1,华锐风电科技(集团)股份有限公司,6,4,9,7,6,5,10,,,,,,
1,梦网荣信科技集团股份有限公司,4,4,5,4,5,3,2,,,,,,
1,南京钢铁股份有限公司,6,6,8,7,10,6,10,,,,,,
1,甘肃省敦煌种业股份有限公司,4,7,6,6,6,1,3,,,,,,
1,黑牛食品股份有限公司,2,6,6,6,6,5,10,,,,,,
1,柳州两面针股份有限公司,6,6,6,6,6,6,10,,,,,,
1,三江化工有限公司,6,9,10,9,10,6,9,,,,,,
1,唐山冀东水泥股份有限公司,6,5,9,6,9,6,10,,,,,,
1,新疆新鑫矿业股份有限公司,6,6,7,10,5,6,10,,,,,,
1,云天化集团有限责任公司,6,7,4,9,4,3,6,,,,,,
1,中粮屯河股份有限公司,6,5,9,9,9,1,6,,,,,,
1,鞍钢股份有限公司,2,4,8,10,9,7,10,,,,,,
1,福建三钢闽光股份有限公司,2,6,9,10,3,6,10,,,,,,
1,开滦能源化工股份有限公司,3,6,7,9,6,9,10,,,,,,
1,凌源钢铁股份有限公司,6,4,10,10,9,7,5,,,,,,
1,马鞍山钢铁股份有限公司,4,4,5,8,6,6,10,,,,,,
1,赛轮金宇集团股份有限公司,6,4,6,6,6,3,8,,,,,,
1,三维通信股份有限公司,6,4,6,6,3,2,6,,,,,,
1,盛和资源控股股份有限公司,3,6,9,10,8,6,10,,,,,,
1,苏宁云商集团股份有限公司,6,6,3,6,7,6,6,,,,,,
1,唐山三友化工股份有限公司,3,4,5,9,9,4,6,,,,,,
1,徐工集团工程机械股份有限公司,4,8,9,9,7,1,9,,,,,,
1,浙江景兴纸业股份有限公司,9,6,3,6,5,2,8,,,,,,
1,中国远洋控股股份有限公司,9,4,6,6,7,6,6,,,,,,
1,中海集装箱运输股份有限公司,10,4,9,8,8,5,10,,,,,,
1,中联重科股份有限公司,4,4,6,3,5,1,9,,,,,,
1,重庆钢铁股份有限公司,10,8,8,10,7,6,10,,,,,,
1,河南银鸽实业投资股份有限公司,8,4,5,4,7,3,5,,,,,,
1,华西能源工业股份有限公司,1,8,10,4,6,5,7,,,,,,
1,中国冶金科工股份有限公司,5,5,6,4,5,2,6,,,,,,
1,宝泰隆新材料股份有限公司,8,6,6,6,6,6,7,,,,,,
1,成都市新筑路桥机械股份有限公司,9,5,3,3,3,6,10,,,,,,
1,广西柳工机械股份有限公司,1,5,6,10,10,6,9,,,,,,
1,诺德投资股份有限公司,9,4,6,3,6,3,4,,,,,,
1,广晟有色金属股份有限公司,6,4,8,4,9,6,10,,,,,,
1,新疆天山水泥股份有限公司,5,6,5,8,4,1,10,,,,,,
1,江河创建集团股份有限公司,4,8,8,4,8,2,7,,,,,,
1,深圳市飞马国际供应链股份有限公司,10,6,6,6,6,9,6,,,,,,
1,西安隆基硅材料股份有限公司,8,6,7,8,5,6,1,,,,,,
1,北方华锦化学工业股份有限公司,1,4,9,6,9,10,5,,,,,,
1,河南中孚实业股份有限公司,10,9,10,8,6,7,10,,,,,,
1,广东东阳光科技控股股份有限公司,6,4,6,9,5,2,9,,,,,,
1,华仪电气股份有限公司,5,4,8,6,8,5,4,,,,,,
1,新疆中泰化学股份有限公司,9,8,6,10,9,6,8,,,,,,
1,岳阳林纸股份有限公司,7,4,8,9,8,3,10,,,,,,
1,中华企业股份有限公司,10,8,8,6,8,9,10,,,,,,
1,北京万通地产股份有限公司,6,4,6,6,9,6,9,,,,,,
1,苏州电器科学研究院股份有限公司,6,4,3,3,3,6,10,,,,,,
1,太原煤气化股份有限公司,6,10,10,9,5,6,10,,,,,,
1,中航重机股份有限公司,5,6,10,9,10,6,10,,,,,,
1,河南易成新能源股份有限公司,4,4,9,10,4,4,8,,,,,,
1,广州智光电气股份有限公司,8,4,3,3,3,1,3,,,,,,
1,太原重工股份有限公司,5,8,6,8,5,6,9,,,,,,
1,安琪酵母股份有限公司,1,4,3,6,3,2,2,,,,,,
1,苏州天沃科技股份有限公司,9,4,3,3,3,4,8,,,,,,
1,希努尔男装股份有限公司,3,6,6,3,6,2,4,,,,,,
0,泰州华信药业投资有限公司,10,10,6,6,6,10,6,,,,,,
0,联想控股股份有限公司,6,7,3,5,3,6,9,,,,,,
0,济宁矿业集团有限公司,7,7,8,8,9,8,10,,,,,,
0,湖北宜化集团有限责任公司,6,6,6,6,6,6,8,,,,,,
0,云南省国有资本运营有限公司,6,6,5,6,6,10,,,,,,,
0,广西物资集团有限责任公司,6,10,6,6,8,5,7,,,,,,
0,内蒙古伊泰集团有限公司,4,6,8,3,6,6,10,,,,,,
0,中城建第六工程局集团有限公司,7,6,6,6,6,8,5,,,,,,
0,江阴市新国联投资发展有限公司,6,6,6,6,6,10,3,,,,,,
0,山东王晁煤电集团有限公司,6,7,6,6,6,3,7,,,,,,
0,云南省公路开发投资有限责任公司,6,6,6,6,6,8,7,,,,,,
0,江苏中南建设集团股份有限公司,9,10,4,7,4,6,9,,,,,,
0,哈尔滨工业投资集团有限公司,6,6,6,6,6,3,10,,,,,,
0,保山市国有资产经营有限责任公司,6,6,6,7,10,8,7,,,,,,
0,国测地理信息科技产业园集团有限公司,6,6,6,6,6,8,7,,,,,,
0,郑州投资控股有限公司,6,7,6,6,6,1,9,,,,,,
0,中国轻工集团公司,3,9,5,6,6,3,4,,,,,,
0,海航旅游集团有限公司,6,6,6,6,6,2,5,,,,,,
0,新疆生产建设兵团建设工程(集团)有限责任公司,2,6,4,6,4,3,8,,,,,,
0,盈峰投资控股集团有限公司,4,6,10,3,8,2,4,,,,,,
0,新疆昌源水务集团有限公司,6,10,6,9,8,7,6,,,,,,
0,新疆生产建设兵团国有资产经营有限责任公司,6,10,6,6,6,2,7,,,,,,
0,上海北方企业(集团)有限公司,6,6,7,6,9,9,4,,,,,,
0,深圳市洪涛装饰股份有限公司,6,6,6,6,6,6,7,,,,,,
0,西安民生集团股份有限公司,4,10,8,6,6,7,7,,,,,,
0,山西省经贸投资控股集团有限公司,6,9,6,6,6,6,8,,,,,,
0,新光控股集团有限公司,1,6,6,6,6,7,7,,,,,,
0,神华宁夏煤业集团有限责任公司,6,6,6,6,6,6,10,,,,,,
0,神华集团有限责任公司,3,4,6,6,6,6,8,,,,,,
0,招商局集团有限公司,1,6,3,3,4,7,4,,,,,,
0,中国广核电力股份有限公司,1,7,10,10,9,6,7,,,,,,
0,中国电子信息产业集团有限公司,7,5,7,6,6,6,7,,,,,,
0,招商局轮船股份有限公司,9,6,6,5,5,2,4,,,,,,
0,鄂尔多斯市国有资产投资控股集团有限公司,6,10,6,6,4,6,9,,,,,,
0,中国葛洲坝集团有限公司,8,7,7,5,6,2,6,,,,,,
0,温州市现代服务业投资集团有限公司,6,9,8,6,9,6,9,,,,,,
0,新疆前海集团公司,6,8,6,3,3,9,9,,,,,,
0,鄂尔多斯市乌兰煤炭(集团)有限责任公司,4,4,3,8,6,8,9,,,,,,
0,江苏南通三建集团股份有限公司,7,9,5,6,6,3,6,,,,,,
0,上海帝泰发展有限公司,10,6,7,7,10,6,5,,,,,,
0,中国大唐集团新能源股份有限公司,6,4,5,10,5,6,8,,,,,,
0,广东宝丽华新能源股份有限公司,8,6,3,6,6,6,7,,,,,,
0,芜湖新兴铸管有限责任公司,5,6,9,8,10,9,9,,,,,,
0,福建旗滨集团有限公司,8,4,3,3,6,6,10,,,,,,
0,中国东方电气集团有限公司,4,4,4,7,5,3,6,,,,,,
0,深圳市立业集团有限公司,6,6,8,8,6,5,7,,,,,,
0,邯郸城市发展投资集团有限公司,9,6,10,3,10,10,4,,,,,,
0,淮南市产业发展(集团)有限公司,6,6,3,3,3,6,1,,,,,,
0,深圳市海格物流股份有限公司,9,6,6,6,6,4,7,,,,,,
0,金圆水泥股份有限公司,9,6,10,3,10,8,4,,,,,,
0,云南路桥股份有限公司,6,6,3,6,3,8,7,,,,,,
0,三鼎控股集团有限公司,10,4,3,3,6,5,3,,,,,,
0,周口市投资集团有限公司,6,5,6,6,6,9,2,,,,,,
0,江西洪城水业股份有限公司,6,6,6,6,6,6,4,,,,,,
0,广东万和集团有限公司,5,6,3,3,6,6,4,,,,,,
0,中国南方电网有限责任公司,1,6,6,6,6,3,5,,,,,,
0,四川省投资集团有限责任公司,5,8,10,9,3,6,3,,,,,,
0,中国华润总公司,5,6,6,6,6,6,4,,,,,,
0,中国航天科技集团公司,4,6,6,6,6,6,2,,,,,,
0,鲁能集团有限公司,10,5,6,5,6,10,3,,,,,,
0,中国中车集团公司,3,4,6,7,6,7,1,,,,,,
0,上海世博土地控股有限公司,4,6,6,6,10,6,6,,,,,,
0,中国兵器工业集团公司,2,4,6,6,6,3,6,,,,,,
0,国家开发投资公司,6,6,4,3,4,6,5,,,,,,
0,武汉高科国有控股集团有限公司,6,10,6,6,6,9,,,,,,,
0,上海国盛(集团)有限公司,6,4,6,6,10,6,3,,,,,,
0,海航集团有限公司,1,9,6,7,7,5,5,,,,,,
0,锦江国际(集团)有限公司,7,6,4,7,4,6,6,,,,,,
0,北京市顺义区国有资本经营管理中心,6,5,6,6,6,6,8,,,,,,
0,珠海格力集团有限公司,6,5,9,3,4,6,4,,,,,,
0,广西机场管理集团有限责任公司,6,6,6,6,6,4,9,,,,,,
0,中国兵器装备集团公司,5,4,3,3,4,6,2,,,,,,
0,西北有色金属研究院,6,7,3,3,3,6,10,,,,,,
0,龙岩交通发展集团有限公司,6,7,9,6,9,8,4,,,,,,
0,河北港口集团有限公司,6,6,7,5,6,6,4,,,,,,
0,深圳市地铁集团有限公司,1,4,4,5,9,6,3,,,,,,
0,天津市公共交通集团(控股)有限公司,6,6,6,6,6,6,10,,,,,,
0,金光纸业(中国)投资有限公司,10,9,9,9,9,6,7,,,,,,
0,上海紫江(集团)有限公司,6,10,3,6,4,2,7,,,,,,
0,中国外运长航集团有限公司,7,9,7,5,5,1,3,,,,,,
0,深圳茂业商厦有限公司,6,6,4,9,6,6,10,,,,,,
0,宁波工业投资集团有限公司,10,4,3,6,6,6,5,,,,,,
0,中国电子科技集团公司,6,6,6,6,6,6,1,,,,,,
0,马钢(集团)控股有限公司,5,9,6,7,6,6,10,,,,,,
0,中国建筑材料集团有限公司,6,4,6,4,6,6,9,,,,,,
0,中国电力建设集团有限公司,8,5,6,3,4,1,7,,,,,,
0,凉山州国有投资发展有限责任公司,6,6,6,7,5,6,6,,,,,,
0,深圳市投资控股有限公司,6,6,6,6,6,6,2,,,,,,
0,海南省交通投资控股有限公司,4,6,4,6,6,4,7,,,,,,
0,安徽新华发行(集团)控股有限公司,9,6,6,6,6,6,7,,,,,,
0,伟星集团有限公司,7,8,7,6,6,6,1,,,,,,
0,苏州交通投资有限责任公司,5,6,4,6,8,6,5,,,,,,
0,武汉商联(集团)股份有限公司,6,6,6,3,6,6,7,,,,,,
0,深圳市特发集团有限公司,4,6,6,6,6,6,1,,,,,,
0,中国工艺(集团)公司,10,6,6,6,6,5,9,,,,,,
0,鲁信创业投资集团股份有限公司,2,6,6,6,3,6,7,,,,,,
0,中国贵州航空工业(集团)有限责任公司,7,6,8,6,9,4,9,,,,,,
0,交运集团公司,8,6,6,6,6,3,10,,,,,,
0,湖北省铁路建设投资集团有限责任公司,1,6,3,3,3,6,9,,,,,,
0,武汉港务集团有限公司,6,6,8,6,9,7,7,,,,,,
0,中国宝安集团股份有限公司,6,7,3,3,3,6,3,,,,,,
0,北京云政金融控股有限公司,3,7,10,3,8,9,10,,,,,,
0,南京报业集团有限责任公司,6,6,3,3,3,3,9,,,,,,
0,山东京博控股股份有限公司,6,9,6,6,6,8,3,,,,,,
0,宁夏国有资本运营集团有限责任公司,6,5,9,9,8,8,9,,,,,,
0,中航航空电子系统有限责任公司,4,6,10,10,10,3,6,,,,,,
0,天津渤化永利化工股份有限公司,1,7,10,10,9,5,9,,,,,,
0,浙江台州高速公路集团股份有限公司,6,6,6,6,6,6,2,,,,,,
0,融信(福建)投资集团有限公司,10,9,6,6,6,9,1,,,,,,
0,江苏银宝控股集团有限公司,10,8,9,9,9,3,9,,,,,,
0,奥园集团有限公司,8,6,6,6,10,6,2,,,,,,
0,宜华企业(集团)有限公司,6,6,6,6,6,6,7,,,,,,
0,海航基础股份有限公司,6,6,10,9,9,6,,,,,,,
0,广州市天建房地产开发有限公司,9,9,4,6,10,6,1,,,,,,
0,北京天恒置业集团有限公司,1,7,6,6,10,7,6,,,,,,
0,中国移动通信集团广东有限公司,6,6,6,6,6,6,2,,,,,,
0,内蒙古鄂尔多斯资源股份有限公司,6,6,7,9,10,2,9,,,,,,
0,四川和邦生物科技股份有限公司,6,5,6,6,6,3,7,,,,,,
0,天津市房地产发展(集团)股份有限公司,10,6,5,8,6,10,9,,,,,,
0,重庆龙湖企业拓展有限公司,2,6,5,6,10,1,2,,,,,,
0,增城市碧桂园物业发展有限公司,9,10,6,10,7,6,4,,,,,,
0,北京华业资本控股股份有限公司,6,10,6,5,10,10,3,,,,,,
0,绿城房地产集团有限公司,3,10,8,6,8,6,9,,,,,,
0,联发集团有限公司,9,5,8,8,8,6,6,,,,,,
0,正奇安徽金融控股有限公司,5,10,9,6,10,6,6,,,,,,
0,月星集团有限公司,10,6,7,8,10,7,1,,,,,,
0,广东粤运交通股份有限公司,3,6,6,9,8,6,3,,,,,,
0,中国铁建房地产集团有限公司,1,10,6,9,10,1,5,,,,,,
0,泰州三福重工集团有限公司,7,9,6,6,6,6,7,,,,,,
0,中国保利集团公司,7,9,3,5,6,2,5,,,,,,
0,海南港航控股有限公司,7,6,5,4,6,6,5,,,,,,
0,升华集团控股有限公司,7,9,5,3,9,8,2,,,,,,
0,杨凌现代农业开发集团有限公司,5,5,6,6,6,6,3,,,,,,
0,扬州市扬子江投资发展集团有限责任公司,7,8,6,6,6,4,5,,,,,,
0,福建省龙岩交通国有资产投资经营有限公司,4,7,9,6,9,8,2,,,,,,
0,天津津融投资服务集团有限公司,6,6,6,6,6,9,9,,,,,,
0,瑞安市国有资产投资集团有限公司,7,7,6,6,6,7,6,,,,,,
0,泰州三福船舶工程有限公司,8,5,3,3,6,6,7,,,,,,
0,湖南高新创业投资集团有限公司,6,4,3,6,10,10,,,,,,,
0,天能电池集团有限公司,8,6,6,8,6,6,1,,,,,,
0,唐山市城市建设投资集团有限公司,3,8,6,6,6,5,9,,,,,,
0,乌鲁木齐房地产开发(集团)有限公司,6,6,6,6,6,8,8,,,,,,
0,德阳经开区建设投资有限公司,8,6,6,6,6,6,9,,,,,,
0,神木县国有资产运营公司,6,6,6,6,3,6,4,,,,,,
0,山东宏河矿业集团有限公司,8,10,6,6,6,3,8,,,,,,
0,广州番禺海怡房地产开发有限公司,6,9,3,6,7,1,2,,,,,,
0,中信房地产集团有限公司,6,5,6,6,6,10,7,,,,,,
0,山东金鲁班集团有限公司,6,10,10,3,7,6,6,,,,,,
0,漳州市漳诏高速公路有限公司,5,4,6,6,10,10,7,,,,,,
0,启东市华虹电子有限公司,5,5,7,3,7,4,3,,,,,,
0,宁夏远高实业集团有限公司,9,6,6,6,6,1,2,,,,,,
0,建业住宅集团(中国)有限公司,5,4,6,6,9,9,3,,,,,,
0,北控水务(中国)投资有限公司,1,5,6,6,7,4,5,,,,,,
0,春秋航空股份有限公司,9,4,3,3,10,6,2,,,,,,
0,湖南金霞粮食产业有限公司,4,7,5,8,6,2,10,,,,,,
0,神东天隆集团有限责任公司,1,6,9,6,10,5,9,,,,,,
0,重庆商社(集团)有限公司,6,7,3,3,3,6,6,,,,,,
0,西安沣东发展集团有限公司,6,10,7,6,10,6,9,,,,,,
0,银川滨河黄河大桥管理有限责任公司,6,6,6,6,6,6,,,,,,,
0,广东科达洁能股份有限公司,3,4,3,3,3,3,2,,,,,,
0,中国海运(集团)总公司,9,6,3,3,3,6,9,,,,,,
0,四川高速公路建设开发总公司,6,6,6,6,5,6,8,,,,,,
0,北京同仁堂健康药业股份有限公司,2,4,9,9,9,10,1,,,,,,
0,江苏交通控股有限公司,6,6,6,6,6,6,4,,,,,,
0,天津住宅建设发展集团有限公司,6,4,3,3,6,6,9,,,,,,
0,正泰集团股份有限公司,6,6,7,3,6,3,8,,,,,,
0,中国建材国际工程集团有限公司,6,6,6,6,9,4,6,,,,,,
0,广东惠州平海发电厂有限公司,6,6,6,10,4,10,3,,,,,,
0,云南省能源投资集团有限公司,6,6,6,6,6,6,7,,,,,,
0,中国电力建设股份有限公司,8,6,6,6,5,1,6,,,,,,
0,中航国际租赁有限公司,6,6,6,10,6,6,6,,,,,,
0,中国化工集团公司,5,4,6,6,6,3,8,,,,,,
0,重庆市农业投资集团有限公司,7,4,6,6,6,5,5,,,,,,
0,浙农控股集团有限公司,4,7,6,3,6,1,5,,,,,,
0,北京市海淀区国有资本经营管理中心,3,6,6,6,6,6,6,,,,,,
0,万达集团股份有限公司,5,6,6,6,6,1,5,,,,,,
0,富通集团有限公司,6,6,4,7,6,1,8,,,,,,
0,河南中原高速公路股份有限公司,6,6,6,6,6,10,4,,,,,,
0,扬州市交通产业集团有限责任公司,2,5,3,3,6,5,8,,,,,,
0,中国南方航空集团公司,10,6,3,8,4,1,4,,,,,,
0,四川省水电投资经营集团有限公司,3,9,3,6,4,1,6,,,,,,
0,阳谷祥光铜业有限公司,9,4,10,10,6,10,7,,,,,,
0,厦门夏商集团有限公司,2,4,6,6,7,2,6,,,,,,
0,新疆供销投资(控股)集团有限责任公司,2,4,3,3,9,5,8,,,,,,
0,广州港股份有限公司,1,5,7,8,7,4,7,,,,,,
0,重庆对外经贸(集团)有限公司,5,4,6,6,6,6,5,,,,,,
0,北京首都开发股份有限公司,6,5,8,4,10,8,4,,,,,,
0,甘肃省公路航空旅游投资集团有限公司,10,6,6,6,6,6,7,,,,,,
0,云南省建设投资控股集团有限公司,8,6,7,6,4,1,8,,,,,,
0,云南物流产业集团有限公司,8,6,6,6,10,7,10,,,,,,
0,蚌埠投资集团有限公司,6,9,6,4,6,6,8,,,,,,
0,厦门海沧投资集团有限公司,6,6,6,6,6,8,7,,,,,,
0,中铁十五局集团有限公司,7,6,8,6,8,6,,,,,,,
0,太仓港协鑫发电有限公司,6,10,10,8,8,8,7,,,,,,
0,宜昌市房地产投资开发有限公司,6,6,6,6,5,9,,,,,,,
0,宁夏晟晏实业集团有限公司,5,5,6,6,6,5,7,,,,,,
0,青岛国信发展(集团)有限责任公司,2,6,6,6,7,8,8,,,,,,
0,江西省建工集团有限责任公司,3,9,6,6,6,6,8,,,,,,
0,中国水利水电第十四工程局有限公司,1,4,6,4,9,5,9,,,,,,
0,成都工业投资集团有限公司,3,7,6,6,6,4,7,,,,,,
0,上海同盛投资(集团)有限公司,1,6,6,6,9,7,4,,,,,,
0,阳光电源股份有限公司,6,6,6,6,6,6,5,,,,,,
0,厦门百城建设投资有限公司,6,6,6,6,6,5,8,,,,,,
0,广东南海控股投资有限公司,8,10,7,6,7,6,3,,,,,,
0,安徽国祯集团股份有限公司,10,6,3,6,4,6,9,,,,,,
0,深圳市水务(集团)有限公司,6,6,6,6,6,6,4,,,,,,
0,新凤鸣集团股份有限公司,4,6,5,4,5,10,8,,,,,,
0,广西绿城水务股份有限公司,1,6,4,3,6,8,5,,,,,,
0,广东韶能集团股份有限公司,8,6,6,6,6,6,4,,,,,,
0,河南日报报业集团有限公司,6,4,5,6,7,4,7,,,,,,
0,东辰控股集团有限公司,6,6,6,6,6,6,5,,,,,,
0,重庆航运建设发展有限公司,6,10,3,3,6,6,6,,,,,,
0,云南机场集团有限责任公司,6,10,6,6,7,6,5,,,,,,
0,河南省机场集团有限公司,6,6,7,6,4,6,8,,,,,,
0,中国建筑第四工程局有限公司,3,7,5,6,5,6,7,,,,,,
0,山东高速轨道交通集团有限公司,2,6,4,6,6,6,7,,,,,,
0,广东海印集团股份有限公司,6,6,6,6,6,6,8,,,,,,
0,中原出版传媒投资控股集团有限公司,1,6,6,6,6,6,2,,,,,,
0,上海昊元(集团)有限公司,6,4,4,6,10,4,8,,,,,,
0,江铃控股有限公司,10,4,6,6,8,6,2,,,,,,
0,宁波保税区投资开发有限责任公司,6,6,6,6,9,7,5,,,,,,
0,青岛出版集团有限公司,5,6,6,3,4,1,2,,,,,,
0,北京首钢股份有限公司,6,6,6,6,6,6,10,,,,,,
0,山东海洋投资有限公司,6,6,6,6,6,7,7,,,,,,
0,浙江亘古电缆股份有限公司,2,9,3,4,3,7,4,,,,,,
0,上海化学工业区发展有限公司,6,5,6,6,6,6,1,,,,,,
0,凯迪生态环境科技股份有限公司,6,10,6,6,6,6,6,,,,,,
0,南通综艺投资有限公司,6,9,10,6,4,8,1,,,,,,
0,广州市时代地产集团有限公司,6,6,6,6,6,6,4,,,,,,
0,南昌轨道交通集团有限公司,1,6,6,6,10,2,6,,,,,,
0,无锡创业投资集团有限公司,6,6,6,6,10,6,,,,,,,
0,江阴兴澄特种钢铁有限公司,6,6,10,10,3,6,2,,,,,,
0,滨州城建投资集团有限公司,6,7,6,6,10,10,8,,,,,,
0,珠海九洲控股集团有限公司,6,6,6,6,8,6,5,,,,,,
0,云南锡业股份有限公司,5,4,5,8,7,3,10,,,,,,
0,保利协鑫(苏州)新能源有限公司,9,10,9,10,9,4,1,,,,,,
0,浙江报喜鸟服饰股份有限公司,3,4,3,6,3,2,7,,,,,,
0,浙江亚厦装饰股份有限公司,3,4,5,3,4,6,8,,,,,,
0,江苏联发纺织股份有限公司,3,5,6,6,6,6,5,,,,,,
0,雏鹰农牧集团股份有限公司,6,8,8,6,7,6,2,,,,,,
0,深圳市证通电子股份有限公司,3,4,6,6,6,3,8,,,,,,
0,冀中能源股份有限公司,3,4,8,10,7,6,8,,,,,,
0,中南红文化集团股份有限公司,8,4,3,3,3,6,1,,,,,,
0,深圳市奋达科技股份有限公司,2,4,3,3,3,6,1,,,,,,
0,鹏博士电信传媒集团股份有限公司,6,4,6,3,3,9,3,,,,,,
0,亿利洁能股份有限公司,10,4,5,9,7,10,7,,,,,,
0,双良节能系统股份有限公司,6,6,7,6,4,6,1,,,,,,
0,骆驼集团股份有限公司,2,4,3,7,3,2,3,,,,,,
0,成都双流兴城建设投资有限公司,6,8,6,6,10,6,5,,,,,,
0,上海大名城企业股份有限公司,9,4,3,3,9,10,8,,,,,,
0,金辉集团股份有限公司,10,10,6,6,5,4,5,,,,,,
0,厦门中骏集团有限公司,9,9,7,7,3,6,7,,,,,,
0,国美电器有限公司,8,4,6,6,6,10,2,,,,,,
0,安徽国元控股(集团)有限责任公司,7,4,6,6,3,9,5,,,,,,
0,深圳航空有限责任公司,10,7,4,4,7,8,6,,,,,,
0,北京汽车股份有限公司,7,8,9,10,9,3,3,,,,,,
0,浙江龙盛集团股份有限公司,6,5,5,6,5,1,3,,,,,,
0,红星美凯龙家居集团股份有限公司,10,5,5,6,8,4,2,,,,,,
0,同方股份有限公司,3,4,5,6,6,3,2,,,,,,
0,海宁中国皮革城股份有限公司,4,4,4,3,6,4,9,,,,,,
0,中建投租赁股份有限公司,6,6,6,6,6,6,5,,,,,,
0,长春欧亚集团股份有限公司,8,4,3,3,3,7,6,,,,,,
0,青海盐湖工业股份有限公司,10,5,6,9,10,8,8,,,,,,
0,中山达华智能科技股份有限公司,4,4,3,3,6,6,9,,,,,,
0,中国绍兴黄酒集团有限公司,6,6,6,6,3,6,7,,,,,,
0,陕西广电网络传媒(集团)股份有限公司,1,4,4,7,3,5,7,,,,,,
0,昆明百货大楼(集团)股份有限公司,6,4,6,3,3,7,7,,,,,,
0,广州普邦园林股份有限公司,3,4,3,3,6,6,9,,,,,,
0,云南白药集团股份有限公司,2,4,3,4,3,6,1,,,,,,
0,深圳市新国都技术股份有限公司,1,4,3,3,3,9,5,,,,,,
0,北京鸿仪四方辐射技术股份有限公司,8,4,3,10,3,9,4,,,,,,
0,融创房地产集团有限公司,1,10,3,3,3,6,4,,,,,,
0,北京纳通科技集团有限公司,8,6,6,6,6,5,1,,,,,,
0,黑牡丹(集团)股份有限公司,6,4,6,6,6,9,5,,,,,,
0,中融新大集团有限公司,7,8,6,6,3,3,2,,,,,,
0,中铝国际工程股份有限公司,6,6,3,6,6,6,7,,,,,,
0,海航基础产业集团有限公司,9,4,8,8,5,7,6,,,,,,
0,西湖电子集团有限公司,7,4,3,8,7,6,9,,,,,,
0,沈阳市铁西区国有资产经营有限公司,4,5,3,3,3,6,10,,,,,,
0,淳安县新安江开发总公司,6,6,3,3,3,6,6,,,,,,
0,湖南省娄底经济技术开发投资建设集团有限公司,10,6,3,3,6,10,7,,,,,,
0,沈阳大东国有资产经营集团有限公司,7,4,3,3,3,6,9,,,,,,
0,任丘市建设投资集团有限公司,6,6,3,3,3,6,8,,,,,,
0,海航机场集团有限公司,6,8,10,9,10,6,8,,,,,,
0,兴义市信恒城市建设投资有限公司,1,7,4,3,3,10,8,,,,,,
0,上饶市国有资产经营集团有限公司,10,9,3,3,6,10,2,,,,,,
0,淮安红日交通投资发展总公司,7,7,3,3,10,10,7,,,,,,
0,醴陵市高新技术产业发展集团有限公司,6,7,3,3,3,10,7,,,,,,
0,中国光大集团股份公司,1,4,8,3,3,6,4,,,,,,
0,湖北清江水电开发有限责任公司,6,6,3,3,4,10,2,,,,,,
0,泰豪集团有限公司,7,9,4,3,6,9,6,,,,,,
0,重庆宏融资本运营管理集团有限公司,6,8,3,3,6,10,5,,,,,,
0,福州京福高速公路有限责任公司,6,6,3,3,10,10,4,,,,,,
0,国创高科实业集团有限公司,9,8,5,3,6,3,9,,,,,,
0,四川省乐山市福华通达农药科技有限公司,9,6,4,6,4,7,10,,,,,,
0,榆林市城市投资经营集团有限公司,6,8,3,3,3,10,8,,,,,,
0,天津市津能投资公司,6,6,5,3,6,7,8,,,,,,
0,廉江一品木业有限公司,6,4,3,3,3,1,6,,,,,,
0,汝城县水电有限责任公司,6,6,3,3,3,7,3,,,,,,
0,青岛能源华润燃气有限公司,1,10,3,4,10,6,8,,,,,,
0,大理州旅游产业开发集团有限责任公司,8,7,3,3,3,9,9,,,,,,
0,湘潭振湘国有资产经营投资有限公司,9,7,3,3,3,1,7,,,,,,
0,锦州经济技术开发区发展(集团)有限公司,1,4,10,3,10,10,6,,,,,,
0,湖南铁路建设投资有限公司,5,4,3,6,6,6,,,,,,,
0,贵州凯里开元城市投资开发有限责任公司,6,5,3,3,3,10,1,,,,,,
0,上海地产(集团)有限公司,9,7,6,5,7,7,8,,,,,,
0,平凉市城乡建设投资有限责任公司,6,6,3,3,3,10,9,,,,,,
0,邦信资产管理有限公司,2,6,4,10,3,6,6,,,,,,
0,内蒙古金隆工业园区开发建设有限公司,6,5,6,6,6,6,4,,,,,,
0,山东铁路建设投资有限公司,6,8,6,6,6,6,,,,,,,
0,宁波梅山岛开发投资有限公司,7,9,3,3,3,10,6,,,,,,
0,龙信建设集团有限公司,6,6,3,3,6,6,8,,,,,,
0,华能四川水电有限公司,6,6,6,6,6,6,8,,,,,,
0,海南金海浆纸业有限公司,10,10,10,10,10,6,5,,,,,,
0,宁波奥克斯置业有限公司,10,10,3,6,4,6,4,,,,,,
0,浙江桐昆控股集团有限公司,6,5,6,6,6,6,7,,,,,,
0,贵阳市城市轨道交通有限公司,10,5,6,6,6,8,6,,,,,,
0,凯盛科技集团公司,7,5,8,9,9,5,10,,,,,,
0,海南省发展控股有限公司,6,7,8,3,10,9,6,,,,,,
0,眉山市东坡发展投资有限公司,10,6,6,6,6,6,5,,,,,,
0,红河州开发投资有限责任公司,6,9,6,6,6,10,4,,,,,,
0,连云港市工业投资集团有限公司,6,6,6,6,6,6,7,,,,,,
0,珠海交通集团有限公司,6,6,6,6,6,6,3,,,,,,
0,铜仁旅游投资有限公司,6,6,3,3,9,10,4,,,,,,
0,海航资本集团有限公司,10,9,6,6,6,6,6,,,,,,
0,天津市汉滨投资集团有限公司,3,10,3,3,6,6,,,,,,,
0,苏州工业园区华成房地产开发有限公司,9,4,3,3,3,10,4,,,,,,
0,武汉地产开发投资集团有限公司,8,6,6,6,6,6,6,,,,,,
0,河南盛润控股集团有限公司,10,10,6,6,6,9,6,,,,,,
0,南京金融城建设发展股份有限公司,6,6,3,3,10,6,,,,,,,
0,重庆建工集团股份有限公司,8,10,6,3,6,3,5,,,,,,
0,寿光晨鸣控股有限公司,8,4,7,3,6,1,8,,,,,,
0,宁海县城投集团有限公司,6,10,6,6,6,10,9,,,,,,
0,河南宏光正商置业有限公司,8,4,5,10,9,6,5,,,,,,
0,曲靖市公路建设开发有限责任公司,8,4,3,3,3,10,5,,,,,,
0,华融融德资产管理有限公司,1,4,6,10,6,6,,,,,,,
0,邹平长城集团有限公司,6,6,6,6,6,1,4,,,,,,
0,青海省能源发展(集团)有限责任公司,5,6,10,8,9,7,9,,,,,,
0,协合风电投资有限公司,6,4,8,3,8,8,3,,,,,,
0,上海宝龙实业发展有限公司,10,8,7,10,8,4,1,,,,,,
0,香江集团有限公司,10,4,10,3,10,10,1,,,,,,
0,常德财鑫投融资担保集团有限公司,9,10,3,6,6,6,,,,,,,
0,重庆华宇集团有限公司,6,6,3,10,3,6,5,,,,,,
0,嘉善县国有资产投资有限公司,9,6,6,6,6,6,8,,,,,,
0,威海蓝创建设投资有限公司,6,7,6,6,6,6,8,,,,,,
0,国购投资有限公司,10,4,3,10,10,10,7,,,,,,
0,桐城市建设投资发展有限责任公司,9,7,10,6,10,6,8,,,,,,
0,中国希格玛有限公司,6,9,5,6,3,2,3,,,,,,
0,远洲集团股份有限公司,9,10,3,3,3,2,5,,,,,,
0,贺州市正赢富钟高速公路有限公司,6,9,6,6,6,6,,,,,,,
0,平安国际融资租赁有限公司,6,6,3,3,6,6,6,,,,,,
0,天津物产九江国际贸易有限公司,6,6,6,6,6,6,,,,,,,
0,太安堂集团有限公司,7,6,6,6,6,4,9,,,,,,
0,宝钢资源有限公司,2,8,10,8,10,9,8,,,,,,
0,华天实业控股集团有限公司,9,6,6,6,6,3,7,,,,,,
0,宝鸡市投资(集团)有限公司,8,9,6,6,8,10,8,,,,,,
0,中国中纺集团公司,3,4,3,3,3,3,10,,,,,,
0,国电安徽电力有限公司,6,4,6,9,3,10,3,,,,,,
0,平安不动产有限公司,6,4,3,5,6,6,5,,,,,,
0,宁波市镇海区海江投资发展有限公司,6,10,6,6,6,10,8,,,,,,
0,广州富力地产股份有限公司,9,10,5,3,3,1,6,,,,,,
0,深圳市机场(集团)有限公司,6,4,8,6,7,5,1,,,,,,
0,南京新工投资集团有限责任公司,3,9,6,4,4,1,5,,,,,,
0,山东招金集团有限公司,6,7,3,5,3,10,7,,,,,,
0,黑龙江省高速公路集团公司,2,8,6,6,10,10,6,,,,,,
0,河南铁路投资有限责任公司,6,10,3,3,6,6,8,,,,,,
0,山东奥德燃气有限公司,6,8,6,6,6,1,4,,,,,,
0,南京江宁水务集团有限公司,7,10,6,6,3,10,7,,,,,,
0,河北省高速公路开发有限公司,1,4,3,3,3,10,3,,,,,,
0,光明食品(集团)有限公司,7,6,3,3,3,1,8,,,,,,
0,湖南粮食集团有限责任公司,5,6,3,4,6,4,9,,,,,,
0,登封电厂集团有限公司,8,10,3,3,3,7,9,,,,,,
0,北京兴展投资控股有限公司,5,10,3,3,3,10,6,,,,,,
0,北京广安控股有限公司,8,10,6,3,3,10,6,,,,,,
0,惠州市交通投资集团有限公司,6,9,3,3,3,6,3,,,,,,
0,常州投资集团有限公司,6,10,6,6,6,4,4,,,,,,
0,瓮福(集团)有限责任公司,6,5,5,3,6,4,8,,,,,,
0,新华都实业集团股份有限公司,6,9,6,6,6,10,5,,,,,,
0,吉林省高速公路集团有限公司,1,4,6,6,6,10,5,,,,,,
0,中海地产集团有限公司,6,4,3,3,6,10,2,,,,,,
0,广东省粤电集团有限公司,6,6,6,7,4,9,2,,,,,,
0,绍兴市旅游集团有限公司,6,9,6,6,10,3,8,,,,,,
0,武钢集团昆明钢铁股份有限公司,5,10,9,10,10,10,,,,,,,
0,山东泉兴能源集团有限公司,7,8,6,6,9,4,9,,,,,,
0,尧柏特种水泥集团有限公司,6,6,6,4,6,1,10,,,,,,
0,大唐河北发电有限公司,3,6,3,8,5,10,2,,,,,,
0,中国水利电力物资集团有限公司,4,5,10,9,9,5,7,,,,,,
0,大唐黑龙江发电有限公司,6,10,6,3,4,9,3,,,,,,
0,上海中环投资开发(集团)有限公司,9,10,6,6,3,10,3,,,,,,
0,浙江航民实业集团有限公司,3,10,3,3,7,2,2,,,,,,
0,中国石油天然气集团公司,3,8,3,3,3,10,6,,,,,,
0,无锡产业发展集团有限公司,5,9,10,9,8,3,7,,,,,,
0,鸿达兴业集团有限公司,5,6,3,4,3,2,4,,,,,,
0,新疆新业国有资产经营(集团)有限责任公司,7,7,4,3,4,7,7,,,,,,
0,华南国际工业原料城(深圳)有限公司,10,9,5,9,6,3,6,,,,,,
0,卧龙控股集团有限公司,6,6,3,6,4,2,8,,,,,,
0,中国航天科工集团公司,2,6,6,6,6,5,2,,,,,,
0,中国建筑第二工程局有限公司,4,4,4,5,7,2,5,,,,,,
0,杭州市萧山区国有资产经营总公司,2,6,3,3,6,4,6,,,,,,
0,湖南省轻工盐业集团有限公司,9,6,6,6,6,8,1,,,,,,
0,北京市热力集团有限责任公司,1,4,3,10,5,2,7,,,,,,
0,宿迁产业发展集团有限公司,5,4,4,6,6,7,1,,,,,,
0,南京地铁集团有限公司,6,8,6,6,6,8,7,,,,,,
0,青岛地铁集团有限公司,1,6,6,6,6,6,6,,,,,,
0,上海长峰(集团)有限公司,10,6,3,7,6,6,5,,,,,,
0,杭州日报报业集团有限公司,3,6,4,10,8,6,,,,,,,
0,新疆生产建设兵团投资有限责任公司,6,6,6,8,6,7,5,,,,,,
0,第七师国有资产经营有限公司,3,7,6,8,6,10,8,,,,,,
0,河北旅游投资集团股份有限公司,6,6,6,6,6,6,4,,,,,,
0,南宁威宁投资集团有限责任公司,6,7,6,6,6,8,5,,,,,,
0,北京汽车投资有限公司,6,6,10,6,6,6,,,,,,,
0,深圳市劲嘉创业投资有限公司,6,6,7,6,7,8,5,,,,,,
0,邹城市城市资产经营有限公司,8,6,6,6,6,6,3,,,,,,
0,江苏双良科技有限公司,6,9,6,6,3,3,8,,,,,,
0,新疆艾比湖农工商联合企业总公司,6,6,8,8,6,5,9,,,,,,
0,广西金融投资集团有限公司,2,6,6,6,6,6,6,,,,,,
0,旭辉集团股份有限公司,10,10,6,6,6,1,5,,,,,,
0,上海金外滩(集团)发展有限公司,10,4,6,6,6,10,5,,,,,,
0,厦门火炬集团有限公司,2,4,6,6,6,7,7,,,,,,
0,天瑞集团股份有限公司,6,6,4,7,4,6,9,,,,,,
0,上海至纯洁净系统科技股份有限公司,6,6,6,6,6,7,8,,,,,,
0,临沂医药集团有限公司,6,6,6,6,6,6,9,,,,,,
0,重庆协信远创房地产开发有限公司,10,8,6,6,6,1,9,,,,,,
0,中国四联仪器仪表集团有限公司,5,6,7,9,5,1,8,,,,,,
0,贵州乌江水电开发有限责任公司,5,6,6,6,6,10,3,,,,,,
0,盘锦城发资产经营有限责任公司,6,6,6,6,6,6,5,,,,,,
0,中交地产有限公司,8,10,3,9,6,4,8,,,,,,
0,新疆华凌工贸(集团)有限公司,6,6,4,8,9,6,3,,,,,,
0,山东汇丰石化集团有限公司,9,8,6,6,6,6,6,,,,,,
0,河北交通投资集团公司,6,4,6,6,6,7,7,,,,,,
0,兖矿集团有限公司,4,7,6,6,6,8,9,,,,,,
0,上海中星(集团)有限公司,9,8,4,5,10,9,6,,,,,,
0,泰州市交通产业集团有限公司,6,8,10,10,10,8,5,,,,,,
0,中国建筑第八工程局有限公司,5,6,8,6,6,6,2,,,,,,
0,北京市朝阳区国有资本经营管理中心,6,4,6,6,6,5,5,,,,,,
0,云南省工业投资控股集团有限责任公司,4,6,3,6,4,3,5,,,,,,
0,云南水务投资股份有限公司,6,6,9,9,9,6,3,,,,,,
0,北京信威通信技术股份有限公司,10,10,5,7,6,10,4,,,,,,
0,北京城市排水集团有限责任公司,1,6,6,5,4,10,4,,,,,,
0,中国华阳经贸集团有限公司,6,6,6,3,6,3,3,,,,,,
0,新疆生产建设兵团第十二师国有资产经营(集团)有限责任公司,6,9,6,6,6,3,5,,,,,,
0,北京金融街投资(集团)有限公司,9,6,6,6,6,9,6,,,,,,
0,兰州市城市发展投资有限公司,6,6,6,6,6,6,7,,,,,,
0,天瑞集团水泥有限公司,6,6,6,6,6,4,9,,,,,,
0,天津市建筑材料集团(控股)有限公司,6,8,6,4,6,6,9,,,,,,
0,南京公路发展(集团)有限公司,6,6,6,6,6,6,7,,,,,,
0,长影集团有限责任公司,8,6,6,6,6,9,8,,,,,,
0,湖北省鄂西生态文化旅游圈投资有限公司,7,6,6,6,6,8,8,,,,,,
0,杭州市实业投资集团有限公司,2,9,6,6,6,6,5,,,,,,
0,海口美兰国际机场有限责任公司,2,6,9,7,9,8,7,,,,,,
0,成都市双流区交通建设投资有限公司,3,7,6,6,6,10,8,,,,,,
0,上海复星高科技(集团)有限公司,9,8,8,5,7,4,3,,,,,,
0,天津市地下铁道集团有限公司,2,6,6,6,6,2,8,,,,,,
0,自贡市国有资产经营投资有限责任公司,6,6,6,6,4,4,8,,,,,,
0,广西玉柴机器集团有限公司,4,4,9,8,6,6,9,,,,,,
0,新疆广汇实业投资(集团)有限责任公司,6,6,3,3,6,6,8,,,,,,
0,安徽古井集团有限责任公司,2,8,6,6,6,7,2,,,,,,
0,烟台港集团有限公司,5,6,8,5,7,6,9,,,,,,
0,湖北省长江产业投资集团有限公司,2,6,6,6,6,3,4,,,,,,
0,北京建工集团有限责任公司,4,10,4,4,6,1,8,,,,,,
0,江苏省华建建设股份有限公司,4,6,4,6,6,5,8,,,,,,
0,湖北省供销合作社社有资产经营管理公司,3,8,6,6,6,6,5,,,,,,
0,河北信息产业投资集团有限公司,6,6,6,6,6,4,6,,,,,,
0,福星惠誉房地产有限公司,6,4,6,6,6,6,6,,,,,,
0,天津海泰科技发展股份有限公司,6,6,3,4,6,10,10,,,,,,
0,江苏中南建筑产业集团有限责任公司,6,6,10,9,6,3,9,,,,,,
0,江阴澄星实业集团有限公司,1,6,6,6,6,8,7,,,,,,
0,广东粤合资产经营有限公司,6,6,6,4,4,5,9,,,,,,
0,天津天纺投资控股有限公司,8,6,6,6,4,6,7,,,,,,
0,烟台港股份有限公司,6,6,9,8,8,6,9,,,,,,
0,陕西汽车控股集团有限公司,7,6,10,10,8,8,10,,,,,,
0,安徽九华山旅游(集团)有限公司,6,4,6,6,6,6,6,,,,,,
0,北京歌华文化发展集团,10,5,9,5,10,10,4,,,,,,
0,江西省省属国有企业资产经营(控股)有限公司,6,6,5,5,5,2,9,,,,,,
0,洛娃科技实业集团有限公司,8,6,3,3,8,4,4,,,,,,
0,山东地矿集团有限公司,6,6,7,4,5,9,9,,,,,,
0,江西省高速公路投资集团有限责任公司,1,4,4,9,6,6,9,,,,,,
0,河北省物流产业集团有限公司,6,7,6,6,6,2,7,,,,,,
0,湖北洋丰集团股份有限公司,5,6,6,6,6,4,1,,,,,,
0,镇江市风景旅游发展有限责任公司,9,9,6,6,6,10,9,,,,,,
0,黑龙江省建设集团有限公司,4,6,6,6,6,1,7,,,,,,
0,重庆粮食集团有限责任公司,5,4,6,6,6,6,10,,,,,,
0,广东省水电集团有限公司,2,4,3,8,6,4,8,,,,,,
0,杭州钢铁集团公司,6,6,5,3,3,4,10,,,,,,
0,厦门金圆投资集团有限公司,6,7,6,6,6,9,4,,,,,,
0,中国长江三峡集团公司,3,5,5,8,6,7,4,,,,,,
0,大族控股集团有限公司,8,6,6,3,6,2,5,,,,,,
0,三环集团有限公司,6,7,6,6,6,2,8,,,,,,
0,江苏长电科技股份有限公司,8,4,6,5,5,3,10,,,,,,
0,江西省投资集团公司,3,6,6,6,6,10,6,,,,,,
0,中国船舶重工集团公司,6,6,6,6,4,1,6,,,,,,
0,中电建水电开发集团有限公司,6,6,6,6,5,10,8,,,,,,
0,大全集团有限公司,6,9,8,6,5,1,4,,,,,,
0,江苏新华报业传媒集团有限公司,1,4,6,6,6,6,9,,,,,,
0,上海华谊(集团)公司,5,6,6,6,6,4,7,,,,,,
0,传化集团有限公司,6,5,6,4,10,1,2,,,,,,
0,内蒙古中电物流路港有限责任公司,1,4,9,10,9,1,7,,,,,,
0,中国科学院国有资产经营有限责任公司,1,4,7,7,7,1,2,,,,,,
0,内蒙古圣牧高科牧业有限公司,2,6,6,10,6,6,6,,,,,,
0,武汉国有资产经营公司,6,6,6,6,6,1,6,,,,,,
0,新疆特变电工集团有限公司,2,4,5,6,6,2,6,,,,,,
0,宁德市国有资产投资经营有限公司,6,7,6,6,6,10,2,,,,,,
0,温州机场集团有限公司,6,8,6,6,6,8,9,,,,,,
0,中国复合材料集团有限公司,1,4,3,6,5,9,2,,,,,,
0,武汉旅游发展投资集团有限公司,6,5,6,6,6,7,7,,,,,,
0,中信国安集团有限公司,6,6,4,6,6,8,8,,,,,,
0,浙江省机电集团有限公司,6,4,6,6,6,8,5,,,,,,
0,大连装备投资集团有限公司,4,4,3,3,3,1,9,,,,,,
0,天安数码城(集团)有限公司,8,6,5,9,5,1,8,,,,,,
0,广东珠江投资管理集团有限公司,10,6,9,6,4,10,5,,,,,,
0,宁波大榭开发有限公司,6,6,6,6,6,8,8,,,,,,
0,顾家集团有限公司,8,5,6,6,6,3,6,,,,,,
0,山东如意科技集团有限公司,6,6,7,9,6,3,7,,,,,,
0,北方水泥有限公司,5,6,6,6,6,6,10,,,,,,
0,中国国际医药卫生公司,3,6,6,6,6,2,6,,,,,,
0,内蒙古双欣能源化工有限公司,6,7,6,6,6,5,7,,,,,,
0,辽宁省大连海洋渔业集团公司,6,6,6,6,6,2,9,,,,,,
0,杭州热联集团股份有限公司,9,9,7,5,7,5,4,,,,,,
0,鞍钢集团公司,7,6,8,5,6,4,10,,,,,,
0,浙江海正集团有限公司,6,6,6,6,6,10,10,,,,,,
0,华方医药科技有限公司,6,6,3,3,8,2,5,,,,,,
0,银川通联资本投资运营有限公司,5,6,6,6,6,9,6,,,,,,
0,新疆生产建设兵团第十师国有资产经营有限公司,6,5,6,6,6,6,8,,,,,,
0,贵州高速公路集团有限公司,6,7,6,6,6,8,8,,,,,,
0,湖北恒信德龙实业有限公司,6,6,6,6,6,6,4,,,,,,
0,江苏省苏豪控股集团有限公司,6,7,5,5,4,5,6,,,,,,
0,中山市城市建设投资集团有限公司,6,10,6,6,6,9,8,,,,,,
0,国家电投集团江苏电力有限公司,6,6,6,7,6,10,8,,,,,,
0,盐城世纪新城建设投资有限公司,8,7,6,6,6,10,7,,,,,,
0,安徽出版集团有限责任公司,6,6,3,6,4,5,8,,,,,,
0,哈尔滨誉衡集团有限公司,6,6,6,6,6,6,6,,,,,,
0,黄山旅游集团有限公司,3,6,7,4,9,5,2,,,,,,
0,晋江市能源投资集团有限公司,5,10,6,6,6,5,6,,,,,,
0,新兴发展集团有限公司,9,6,3,4,4,7,4,,,,,,
0,江西铜业集团公司,5,6,3,3,3,4,9,,,,,,
0,物美控股集团有限公司,9,6,7,5,10,6,1,,,,,,
0,北京王府井国际商业发展有限公司,4,10,3,6,6,6,4,,,,,,
0,内蒙古远兴能源股份有限公司,8,9,4,5,3,6,9,,,,,,
0,中国武夷实业股份有限公司,9,4,3,10,3,9,8,,,,,,
0,神雾环保技术股份有限公司,2,10,9,7,8,10,1,,,,,,
0,新疆青松建材化工(集团)股份有限公司,2,4,8,8,6,3,10,,,,,,
0,北京城乡贸易中心股份有限公司,10,9,3,4,3,9,5,,,,,,
0,长园集团股份有限公司,1,6,4,3,4,2,1,,,,,,
0,厦门建发股份有限公司,9,4,4,5,6,1,4,,,,,,
0,国投电力控股股份有限公司,5,6,3,9,10,8,4,,,,,,
0,广州广日股份有限公司,3,4,10,9,9,7,1,,,,,,
0,顺发恒业股份公司,10,4,4,4,10,9,6,,,,,,
0,袁隆平农业高科技股份有限公司,4,4,3,3,4,3,2,,,,,,
0,浙江明牌珠宝股份有限公司,4,4,8,3,3,4,9,,,,,,
0,浙江银轮机械股份有限公司,5,6,4,5,4,3,1,,,,,,
0,中航工业机电系统股份有限公司,5,4,8,10,10,1,5,,,,,,
0,珠海华发实业股份有限公司,10,8,7,8,3,9,6,,,,,,
0,北京华胜天成科技股份有限公司,3,4,3,4,3,3,6,,,,,,
0,四川川投能源股份有限公司,1,4,6,10,3,7,2,,,,,,
0,浙江海正药业股份有限公司,3,4,6,5,5,7,10,,,,,,
0,河南瑞贝卡发制品股份有限公司,1,4,3,3,3,5,6,,,,,,
0,江苏宇迪光学股份有限公司,7,9,7,6,6,6,2,,,,,,
0,中国中材股份有限公司,6,4,5,6,7,2,8,,,,,,
0,上海金桥(集团)有限公司,6,6,6,6,6,7,6,,,,,,
0,四川广安爱众股份有限公司,10,10,6,7,3,6,5,,,,,,
0,中兴通讯股份有限公司,3,4,6,7,5,5,2,,,,,,
0,新疆北新路桥集团股份有限公司,1,4,7,5,7,5,9,,,,,,
0,深圳香江控股股份有限公司,8,4,3,5,3,2,4,,,,,,
0,西王集团有限公司,2,9,6,6,3,3,9,,,,,,
0,杭州杭氧股份有限公司,4,9,6,8,5,4,6,,,,,,
0,日照港股份有限公司,3,10,8,10,4,2,9,,,,,,
0,江苏亨通光电股份有限公司,7,10,8,7,6,7,3,,,,,,
0,潍坊渤海水产综合开发有限公司,4,5,6,6,6,4,2,,,,,,
0,启迪桑德环境资源股份有限公司,3,8,7,5,6,5,8,,,,,,
0,上海申华控股股份有限公司,9,10,10,10,6,7,8,,,,,,
0,广东潮宏基实业股份有限公司,6,4,6,6,6,2,3,,,,,,
0,中科招商投资管理集团股份有限公司,4,5,10,7,10,6,3,,,,,,
0,天津重钢机械装备股份有限公司,9,9,3,3,3,9,2,,,,,,
0,中国东方航空股份有限公司,6,6,3,8,3,7,4,,,,,,
0,中国南方航空股份有限公司,6,6,4,8,5,6,4,,,,,,
0,山东晨鸣纸业集团股份有限公司,8,4,7,6,3,1,8,,,,,,
0,富贵鸟股份有限公司,2,4,3,3,3,5,6,,,,,,
0,湖北楚天高速公路股份有限公司,10,6,4,10,5,9,2,,,,,,
0,广东省广告集团股份有限公司,5,4,9,3,7,4,6,,,,,,
0,宝山钢铁股份有限公司,2,6,9,10,9,3,9,,,,,,
0,上海耀皮玻璃集团股份有限公司,4,4,5,5,4,5,10,,,,,,
0,唐山港集团股份有限公司,1,6,6,5,7,8,1,,,,,,
0,中国国际航空股份有限公司,1,6,3,3,5,1,2,,,,,,
0,中文天地出版传媒股份有限公司,3,4,4,6,4,5,1,,,,,,
0,上海宝钢包装股份有限公司,1,4,7,9,5,9,7,,,,,,
0,中国中铁股份有限公司,7,6,7,5,6,6,5,,,,,,
0,上海城投控股股份有限公司,6,4,7,7,9,6,1,,,,,,
0,天津泰达股份有限公司,6,4,9,9,9,7,9,,,,,,
0,武汉东湖高新集团股份有限公司,4,4,10,6,3,9,9,,,,,,
0,金杯汽车股份有限公司,10,4,10,10,9,7,7,,,,,,
0,茂名港集团有限公司,6,6,6,6,6,6,6,,,,,,
0,河南省漯河市双汇实业集团有限责任公司,2,6,4,8,6,6,1,,,,,,
0,新疆金风科技股份有限公司,6,6,6,6,6,3,3,,,,,,
0,上海实业发展股份有限公司,6,6,5,6,6,10,8,,,,,,
0,江西长运股份有限公司,3,4,3,3,5,4,9,,,,,,
0,南京高科股份有限公司,2,8,9,3,6,1,2,,,,,,
0,上海豫园旅游商城股份有限公司,8,4,6,4,6,5,8,,,,,,
0,江西洪都航空工业股份有限公司,6,4,3,3,3,10,7,,,,,,
0,凯盛科技股份有限公司,5,4,6,7,6,6,9,,,,,,
0,珠海港股份有限公司,6,8,3,3,3,6,6,,,,,,
0,横店集团东磁股份有限公司,6,4,3,7,6,6,3,,,,,,
0,浙江富春江环保热电股份有限公司,6,5,3,3,3,6,6,,,,,,
0,中航光电科技股份有限公司,2,4,10,3,3,6,1,,,,,,
0,吉林利源精制股份有限公司,2,4,3,3,3,8,6,,,,,,
0,深圳市振业(集团)股份有限公司,10,4,3,3,3,9,5,,,,,,
0,天津创业环保集团股份有限公司,6,4,4,3,7,9,3,,,,,,
0,湖南景峰医药股份有限公司,1,4,6,6,6,3,3,,,,,,
0,中海发展股份有限公司,1,6,3,3,6,4,5,,,,,,
0,第一拖拉机股份有限公司,3,4,6,6,6,8,7,,,,,,
0,首创置业股份有限公司,9,6,6,6,6,10,5,,,,,,
0,华夏幸福基业股份有限公司,6,6,6,6,6,9,4,,,,,,
0,上海电力股份有限公司,2,5,6,6,6,9,3,,,,,,
0,健康元药业集团股份有限公司,2,6,6,6,6,3,2,,,,,,
0,中国交通建设股份有限公司,8,6,7,4,6,2,5,,,,,,
0,大亚科技股份有限公司,7,9,4,6,6,3,3,,,,,,
0,上海振华重工(集团)股份有限公司,7,5,9,8,9,6,8,,,,,,
0,苏交科集团股份有限公司,3,6,4,6,4,6,2,,,,,,
0,经纬纺织机械股份有限公司,4,4,3,9,8,5,5,,,,,,
0,金科地产集团股份有限公司,9,6,3,6,5,4,5,,,,,,
0,中国大连国际合作(集团)股份有限公司,6,4,6,6,6,9,10,,,,,,
0,中国国际海运集装箱(集团)股份有限公司,5,6,7,7,6,6,8,,,,,,
0,峨眉山旅游股份有限公司,1,4,6,6,6,6,3,,,,,,
0,比亚迪股份有限公司,5,5,8,6,8,5,3,,,,,,
0,广东海大集团股份有限公司,2,4,4,3,3,6,1,,,,,,
0,浙江万丰奥威汽轮股份有限公司,6,6,3,7,6,2,1,,,,,,
0,中山公用事业集团股份有限公司,1,4,5,10,10,7,1,,,,,,
0,浙江传化股份有限公司,5,5,6,8,5,1,1,,,,,,
0,浙江省围海建设集团股份有限公司,3,6,6,6,3,4,10,,,,,,
0,海南瑞泽新型建材股份有限公司,4,6,8,4,7,4,2,,,,,,
0,广东锦龙发展股份有限公司,9,4,3,3,6,6,3,,,,,,
0,安徽金禾实业股份有限公司,7,4,5,7,3,2,4,,,,,,
0,岭南园林股份有限公司,7,4,6,6,6,4,7,,,,,,
0,天津天保基建股份有限公司,1,4,3,6,9,8,8,,,,,,
0,深圳市中洲投资控股股份有限公司,1,4,5,4,8,6,6,,,,,,
0,银亿房地产股份有限公司,10,7,6,6,3,6,6,,,,,,
0,广东太安堂药业股份有限公司,1,4,6,6,6,4,7,,,,,,
0,力合股份有限公司,4,4,10,3,8,6,6,,,,,,
0,广东省高速公路发展股份有限公司,6,9,6,8,8,9,2,,,,,,
0,东莞宜安科技股份有限公司,2,4,3,3,3,6,3,,,,,,
0,上海交运集团股份有限公司,3,4,5,4,5,6,2,,,,,,
0,宁波富达股份有限公司,1,4,7,3,8,5,10,,,,,,
0,中牧实业股份有限公司,1,4,6,5,7,5,2,,,,,,
0,天地科技股份有限公司,4,4,7,6,6,6,5,,,,,,
0,百隆东方股份有限公司,6,4,3,3,3,6,8,,,,,,
0,上海大众公用事业(集团)股份有限公司,6,6,6,10,3,10,3,,,,,,
0,大众交通(集团)股份有限公司,6,6,6,6,6,6,,,,,,,
0,搜于特集团股份有限公司,4,6,3,3,3,2,3,,,,,,
0,阳光新业地产股份有限公司,6,5,10,3,3,10,5,,,,,,
0,苏州新建元控股集团有限公司,10,8,4,3,3,7,7,,,,,,
0,中航地产股份有限公司,9,5,8,9,8,2,8,,,,,,
0,梅花生物科技集团股份有限公司,5,6,3,8,8,7,4,,,,,,
0,安徽华茂纺织股份有限公司,1,4,9,9,8,4,9,,,,,,
0,河南辉煌科技股份有限公司,1,6,3,3,3,4,6,,,,,,
0,荣安地产股份有限公司,8,4,8,3,9,10,8,,,,,,
0,浙江航民股份有限公司,2,4,4,4,4,1,1,,,,,,
0,云南鸿翔一心堂药业(集团)股份有限公司,6,4,3,4,5,9,6,,,,,,
0,华映科技(集团)股份有限公司,7,8,10,10,10,10,9,,,,,,
0,万向钱潮股份有限公司,1,4,8,8,7,2,4,,,,,,
0,北京威卡威汽车零部件股份有限公司,1,6,5,7,4,5,5,,,,,,
0,上海新文化传媒集团股份有限公司,6,4,3,3,3,3,2,,,,,,
0,浙江升华拜克生物股份有限公司,8,4,7,8,5,2,3,,,,,,
0,重庆路桥股份有限公司,9,6,3,3,3,10,7,,,,,,
0,滨化集团股份有限公司,6,4,7,8,5,6,3,,,,,,
0,牧原食品股份有限公司,6,4,9,4,6,6,1,,,,,,
0,航天时代电子技术股份有限公司,6,6,9,3,8,1,6,,,,,,
0,中天城投集团股份有限公司,9,5,3,6,3,1,2,,,,,,
0,东旭光电科技股份有限公司,10,4,9,5,6,7,5,,,,,,
0,武汉三镇实业控股股份有限公司,1,6,10,10,8,10,5,,,,,,
0,苏州金宏气体股份有限公司,8,4,3,3,3,4,2,,,,,,
0,联化科技股份有限公司,5,5,3,3,3,4,1,,,,,,
0,新城控股集团股份有限公司,6,8,3,3,3,9,6,,,,,,
0,河南平高电气股份有限公司,4,6,10,9,10,7,4,,,,,,
0,东方网力科技股份有限公司,4,10,7,3,7,5,1,,,,,,
0,武汉当代明诚文化股份有限公司,6,4,3,8,3,7,1,,,,,,
0,同创九鼎投资管理集团股份有限公司,2,4,8,3,10,8,8,,,,,,
2,保定天威英利新能源有限公司,4,7,10,10,10,9,5,,,,,,
2,亚邦投资控股集团有限公司,9,10,7,6,6,1,2,,,,,,
2,淄博宏达矿业有限公司,8,8,10,10,9,8,3,,,,,,
2,东北特殊钢集团有限责任公司,9,8,6,4,3,3,8,,,,,,
2,春和集团有限公司,7,9,3,4,3,9,7,,,,,,
2,武汉国裕物流产业集团有限公司,9,4,3,3,3,8,3,,,,,,
2,山东山水水泥集团有限公司,6,6,9,4,5,6,8,,,,,,
2,上海云峰(集团)有限公司,7,7,5,4,6,6,9,,,,,,
2,南京雨润食品有限公司,4,8,10,9,6,4,9,,,,,,
2,中国中钢股份有限公司,7,6,5,6,5,6,10,,,,,,
2,协鑫集成科技股份有限公司,1,4,3,4,3,9,10,,,,,,
2,中科云网科技集团股份有限公司,6,4,3,3,3,6,10,,,,,,
2,珠海中富实业股份有限公司,6,6,4,6,3,5,10,,,,,,
2,保定天威集团有限公司,10,10,8,6,6,6,10,,,,,,
2,中国第二重型机械集团公司,6,6,6,6,6,6,10,,,,,,
2,四川圣达集团有限公司,10,4,3,3,3,7,10,,,,,,
2,广西有色金属集团有限公司,9,10,6,6,6,5,10,,,,,,
2,中成新星油田工程技术服务股份有限公司,8,4,3,3,3,8,10,,,,,,
2,江苏中联物流股份有限公司,6,6,6,6,6,6,10,,,,,,
2,中煤集团山西华昱能源有限公司,6,6,6,6,6,6,10,,,,,,
2,内蒙古奈伦集团股份有限公司,6,6,6,6,6,8,10,,,,,,
2,四川省煤炭产业集团有限责任公司,2,4,6,6,6,6,10,,,,,,
2,河北省物流产业集团有限公司,6,7,3,3,3,2,7,,,,,,
2,大连机床集团有限责任公司,6,6,3,4,4,4,7,,,,,,
,,,,,,,,,,,,,,
,,,,,,,,,,,,,,
,,,,,,,,,,,,,,
,,,,,,,,,,,,,,
,,,,,,,,,,,,,,
,,,,,,,,,,,,,,
,,,,,,,,,,,,,,
,,,,,,,,,,,,,,
,,,,,,,,,,,,,,
,,,,,,,,,,,,,,
,,,,,,,,,,,,,,
,,,,,,,,,,,,,,
,,,,,,,,,,,,,,
,,,,,,,,,,,,,,
,,,,,,,,,,,,,,
,,,,,,,,,,,,,,
,,,,,,,,,,,,,,
,,,,,,,,,,,,,,
,,,,,,,,,,,,,,
,,,,,,,,,,,,,,
,,,,,,,,,,,,,,
,,,,,,,,,,,,,,
,,,,,,,,,,,,,,
,,,,,,,,,,,,,,
